Image path,Image name,Label,Height,Weight
fruit_dataset\apple\Apple_1.jpg,Apple_1.jpg,apple,224,224
fruit_dataset\apple\Apple_10.jpg,Apple_10.jpg,apple,224,224
fruit_dataset\apple\Apple_100.jpg,Apple_100.jpg,apple,224,224
fruit_dataset\apple\Apple_1000.jpg,Apple_1000.jpg,apple,224,224
fruit_dataset\apple\Apple_1001.jpg,Apple_1001.jpg,apple,224,224
fruit_dataset\apple\Apple_1002.jpg,Apple_1002.jpg,apple,224,224
fruit_dataset\apple\Apple_1003.jpg,Apple_1003.jpg,apple,224,224
fruit_dataset\apple\Apple_1004.jpg,Apple_1004.jpg,apple,224,224
fruit_dataset\apple\Apple_1005.jpg,Apple_1005.jpg,apple,224,224
fruit_dataset\apple\Apple_1006.jpg,Apple_1006.jpg,apple,224,224
fruit_dataset\apple\Apple_1007.jpg,Apple_1007.jpg,apple,224,224
fruit_dataset\apple\Apple_1008.jpg,Apple_1008.jpg,apple,224,224
fruit_dataset\apple\Apple_1009.jpg,Apple_1009.jpg,apple,224,224
fruit_dataset\apple\Apple_101.jpg,Apple_101.jpg,apple,224,224
fruit_dataset\apple\Apple_1010.jpg,Apple_1010.jpg,apple,224,224
fruit_dataset\apple\Apple_1011.jpg,Apple_1011.jpg,apple,224,224
fruit_dataset\apple\Apple_1012.jpg,Apple_1012.jpg,apple,224,224
fruit_dataset\apple\Apple_1013.jpg,Apple_1013.jpg,apple,224,224
fruit_dataset\apple\Apple_1014.jpg,Apple_1014.jpg,apple,224,224
fruit_dataset\apple\Apple_1015.jpg,Apple_1015.jpg,apple,224,224
fruit_dataset\apple\Apple_1016.jpg,Apple_1016.jpg,apple,224,224
fruit_dataset\apple\Apple_1017.jpg,Apple_1017.jpg,apple,224,224
fruit_dataset\apple\Apple_1018.jpg,Apple_1018.jpg,apple,224,224
fruit_dataset\apple\Apple_1019.jpg,Apple_1019.jpg,apple,224,224
fruit_dataset\apple\Apple_102.jpg,Apple_102.jpg,apple,224,224
fruit_dataset\apple\Apple_1020.jpg,Apple_1020.jpg,apple,224,224
fruit_dataset\apple\Apple_1021.jpg,Apple_1021.jpg,apple,224,224
fruit_dataset\apple\Apple_1022.jpg,Apple_1022.jpg,apple,224,224
fruit_dataset\apple\Apple_1023.jpg,Apple_1023.jpg,apple,224,224
fruit_dataset\apple\Apple_1024.jpg,Apple_1024.jpg,apple,224,224
fruit_dataset\apple\Apple_1025.jpg,Apple_1025.jpg,apple,224,224
fruit_dataset\apple\Apple_1026.jpg,Apple_1026.jpg,apple,224,224
fruit_dataset\apple\Apple_1027.jpg,Apple_1027.jpg,apple,224,224
fruit_dataset\apple\Apple_1028.jpg,Apple_1028.jpg,apple,224,224
fruit_dataset\apple\Apple_1029.jpg,Apple_1029.jpg,apple,224,224
fruit_dataset\apple\Apple_103.jpg,Apple_103.jpg,apple,224,224
fruit_dataset\apple\Apple_1030.jpg,Apple_1030.jpg,apple,224,224
fruit_dataset\apple\Apple_1031.jpg,Apple_1031.jpg,apple,224,224
fruit_dataset\apple\Apple_1032.jpg,Apple_1032.jpg,apple,224,224
fruit_dataset\apple\Apple_1033.jpg,Apple_1033.jpg,apple,224,224
fruit_dataset\apple\Apple_1034.jpg,Apple_1034.jpg,apple,224,224
fruit_dataset\apple\Apple_1035.jpg,Apple_1035.jpg,apple,224,224
fruit_dataset\apple\Apple_1036.jpg,Apple_1036.jpg,apple,224,224
fruit_dataset\apple\Apple_1037.jpg,Apple_1037.jpg,apple,224,224
fruit_dataset\apple\Apple_1038.jpg,Apple_1038.jpg,apple,224,224
fruit_dataset\apple\Apple_1039.jpg,Apple_1039.jpg,apple,224,224
fruit_dataset\apple\Apple_104.png,Apple_104.png,apple,224,224
fruit_dataset\apple\Apple_1040.jpg,Apple_1040.jpg,apple,224,224
fruit_dataset\apple\Apple_1041.jpg,Apple_1041.jpg,apple,224,224
fruit_dataset\apple\Apple_1042.jpg,Apple_1042.jpg,apple,224,224
fruit_dataset\apple\Apple_1043.jpg,Apple_1043.jpg,apple,224,224
fruit_dataset\apple\Apple_1044.jpg,Apple_1044.jpg,apple,224,224
fruit_dataset\apple\Apple_1045.jpg,Apple_1045.jpg,apple,224,224
fruit_dataset\apple\Apple_1046.jpg,Apple_1046.jpg,apple,224,224
fruit_dataset\apple\Apple_1047.jpg,Apple_1047.jpg,apple,224,224
fruit_dataset\apple\Apple_1048.jpg,Apple_1048.jpg,apple,224,224
fruit_dataset\apple\Apple_1049.jpg,Apple_1049.jpg,apple,224,224
fruit_dataset\apple\Apple_105.png,Apple_105.png,apple,224,224
fruit_dataset\apple\Apple_1050.jpg,Apple_1050.jpg,apple,224,224
fruit_dataset\apple\Apple_1051.jpg,Apple_1051.jpg,apple,224,224
fruit_dataset\apple\Apple_1052.jpg,Apple_1052.jpg,apple,224,224
fruit_dataset\apple\Apple_1053.jpg,Apple_1053.jpg,apple,224,224
fruit_dataset\apple\Apple_1054.jpg,Apple_1054.jpg,apple,224,224
fruit_dataset\apple\Apple_1055.jpg,Apple_1055.jpg,apple,224,224
fruit_dataset\apple\Apple_1056.jpg,Apple_1056.jpg,apple,224,224
fruit_dataset\apple\Apple_1057.jpg,Apple_1057.jpg,apple,224,224
fruit_dataset\apple\Apple_1058.jpg,Apple_1058.jpg,apple,224,224
fruit_dataset\apple\Apple_1059.jpg,Apple_1059.jpg,apple,224,224
fruit_dataset\apple\Apple_106.jpg,Apple_106.jpg,apple,224,224
fruit_dataset\apple\Apple_1060.jpg,Apple_1060.jpg,apple,224,224
fruit_dataset\apple\Apple_1061.jpg,Apple_1061.jpg,apple,224,224
fruit_dataset\apple\Apple_1062.jpg,Apple_1062.jpg,apple,224,224
fruit_dataset\apple\Apple_1063.jpg,Apple_1063.jpg,apple,224,224
fruit_dataset\apple\Apple_1064.jpg,Apple_1064.jpg,apple,224,224
fruit_dataset\apple\Apple_1065.jpg,Apple_1065.jpg,apple,224,224
fruit_dataset\apple\Apple_1066.jpg,Apple_1066.jpg,apple,224,224
fruit_dataset\apple\Apple_1067.jpg,Apple_1067.jpg,apple,224,224
fruit_dataset\apple\Apple_1068.jpg,Apple_1068.jpg,apple,224,224
fruit_dataset\apple\Apple_1069.jpg,Apple_1069.jpg,apple,224,224
fruit_dataset\apple\Apple_107.jpg,Apple_107.jpg,apple,224,224
fruit_dataset\apple\Apple_1070.jpg,Apple_1070.jpg,apple,224,224
fruit_dataset\apple\Apple_1071.jpg,Apple_1071.jpg,apple,224,224
fruit_dataset\apple\Apple_1072.jpg,Apple_1072.jpg,apple,224,224
fruit_dataset\apple\Apple_1073.jpg,Apple_1073.jpg,apple,224,224
fruit_dataset\apple\Apple_1074.jpg,Apple_1074.jpg,apple,224,224
fruit_dataset\apple\Apple_1075.jpg,Apple_1075.jpg,apple,224,224
fruit_dataset\apple\Apple_1076.jpg,Apple_1076.jpg,apple,224,224
fruit_dataset\apple\Apple_1077.jpg,Apple_1077.jpg,apple,224,224
fruit_dataset\apple\Apple_1078.jpg,Apple_1078.jpg,apple,224,224
fruit_dataset\apple\Apple_1079.jpg,Apple_1079.jpg,apple,224,224
fruit_dataset\apple\Apple_108.jpg,Apple_108.jpg,apple,224,224
fruit_dataset\apple\Apple_1080.jpg,Apple_1080.jpg,apple,224,224
fruit_dataset\apple\Apple_1081.jpg,Apple_1081.jpg,apple,224,224
fruit_dataset\apple\Apple_1082.jpg,Apple_1082.jpg,apple,224,224
fruit_dataset\apple\Apple_1083.jpg,Apple_1083.jpg,apple,224,224
fruit_dataset\apple\Apple_1084.jpg,Apple_1084.jpg,apple,224,224
fruit_dataset\apple\Apple_1085.jpg,Apple_1085.jpg,apple,224,224
fruit_dataset\apple\Apple_1086.jpg,Apple_1086.jpg,apple,224,224
fruit_dataset\apple\Apple_1087.jpg,Apple_1087.jpg,apple,224,224
fruit_dataset\apple\Apple_1088.jpg,Apple_1088.jpg,apple,224,224
fruit_dataset\apple\Apple_1089.jpg,Apple_1089.jpg,apple,224,224
fruit_dataset\apple\Apple_109.jpg,Apple_109.jpg,apple,224,224
fruit_dataset\apple\Apple_1090.jpg,Apple_1090.jpg,apple,224,224
fruit_dataset\apple\Apple_1091.jpg,Apple_1091.jpg,apple,224,224
fruit_dataset\apple\Apple_1092.jpg,Apple_1092.jpg,apple,224,224
fruit_dataset\apple\Apple_1093.jpg,Apple_1093.jpg,apple,224,224
fruit_dataset\apple\Apple_1094.jpg,Apple_1094.jpg,apple,224,224
fruit_dataset\apple\Apple_1095.jpg,Apple_1095.jpg,apple,224,224
fruit_dataset\apple\Apple_1096.jpg,Apple_1096.jpg,apple,224,224
fruit_dataset\apple\Apple_1097.jpg,Apple_1097.jpg,apple,224,224
fruit_dataset\apple\Apple_1098.jpg,Apple_1098.jpg,apple,224,224
fruit_dataset\apple\Apple_1099.jpg,Apple_1099.jpg,apple,224,224
fruit_dataset\apple\Apple_11.jpg,Apple_11.jpg,apple,224,224
fruit_dataset\apple\Apple_110.jpg,Apple_110.jpg,apple,224,224
fruit_dataset\apple\Apple_1100.jpg,Apple_1100.jpg,apple,224,224
fruit_dataset\apple\Apple_1101.jpg,Apple_1101.jpg,apple,224,224
fruit_dataset\apple\Apple_1102.jpg,Apple_1102.jpg,apple,224,224
fruit_dataset\apple\Apple_1103.jpg,Apple_1103.jpg,apple,224,224
fruit_dataset\apple\Apple_1104.jpg,Apple_1104.jpg,apple,224,224
fruit_dataset\apple\Apple_1105.jpg,Apple_1105.jpg,apple,224,224
fruit_dataset\apple\Apple_1106.jpg,Apple_1106.jpg,apple,224,224
fruit_dataset\apple\Apple_1107.jpg,Apple_1107.jpg,apple,224,224
fruit_dataset\apple\Apple_1108.jpg,Apple_1108.jpg,apple,224,224
fruit_dataset\apple\Apple_1109.jpg,Apple_1109.jpg,apple,224,224
fruit_dataset\apple\Apple_111.jpg,Apple_111.jpg,apple,224,224
fruit_dataset\apple\Apple_1110.jpg,Apple_1110.jpg,apple,224,224
fruit_dataset\apple\Apple_1111.jpg,Apple_1111.jpg,apple,224,224
fruit_dataset\apple\Apple_1112.jpg,Apple_1112.jpg,apple,224,224
fruit_dataset\apple\Apple_1113.jpg,Apple_1113.jpg,apple,224,224
fruit_dataset\apple\Apple_1114.jpg,Apple_1114.jpg,apple,224,224
fruit_dataset\apple\Apple_1115.jpg,Apple_1115.jpg,apple,224,224
fruit_dataset\apple\Apple_1116.jpg,Apple_1116.jpg,apple,224,224
fruit_dataset\apple\Apple_1117.jpg,Apple_1117.jpg,apple,224,224
fruit_dataset\apple\Apple_1118.jpg,Apple_1118.jpg,apple,224,224
fruit_dataset\apple\Apple_1119.jpg,Apple_1119.jpg,apple,224,224
fruit_dataset\apple\Apple_112.jpg,Apple_112.jpg,apple,224,224
fruit_dataset\apple\Apple_1120.jpg,Apple_1120.jpg,apple,224,224
fruit_dataset\apple\Apple_1121.jpg,Apple_1121.jpg,apple,224,224
fruit_dataset\apple\Apple_1122.jpg,Apple_1122.jpg,apple,224,224
fruit_dataset\apple\Apple_1123.jpg,Apple_1123.jpg,apple,224,224
fruit_dataset\apple\Apple_1124.jpg,Apple_1124.jpg,apple,224,224
fruit_dataset\apple\Apple_1125.jpg,Apple_1125.jpg,apple,224,224
fruit_dataset\apple\Apple_1126.jpg,Apple_1126.jpg,apple,224,224
fruit_dataset\apple\Apple_1127.jpg,Apple_1127.jpg,apple,224,224
fruit_dataset\apple\Apple_1128.jpg,Apple_1128.jpg,apple,224,224
fruit_dataset\apple\Apple_1129.jpg,Apple_1129.jpg,apple,224,224
fruit_dataset\apple\Apple_113.jpg,Apple_113.jpg,apple,224,224
fruit_dataset\apple\Apple_1130.jpg,Apple_1130.jpg,apple,224,224
fruit_dataset\apple\Apple_1131.jpg,Apple_1131.jpg,apple,224,224
fruit_dataset\apple\Apple_1132.jpg,Apple_1132.jpg,apple,224,224
fruit_dataset\apple\Apple_1133.jpg,Apple_1133.jpg,apple,224,224
fruit_dataset\apple\Apple_1134.jpg,Apple_1134.jpg,apple,224,224
fruit_dataset\apple\Apple_1135.jpg,Apple_1135.jpg,apple,224,224
fruit_dataset\apple\Apple_1136.jpg,Apple_1136.jpg,apple,224,224
fruit_dataset\apple\Apple_1137.jpg,Apple_1137.jpg,apple,224,224
fruit_dataset\apple\Apple_1138.jpg,Apple_1138.jpg,apple,224,224
fruit_dataset\apple\Apple_1139.jpg,Apple_1139.jpg,apple,224,224
fruit_dataset\apple\Apple_114.jpg,Apple_114.jpg,apple,224,224
fruit_dataset\apple\Apple_1140.jpg,Apple_1140.jpg,apple,224,224
fruit_dataset\apple\Apple_1141.jpg,Apple_1141.jpg,apple,224,224
fruit_dataset\apple\Apple_1142.jpg,Apple_1142.jpg,apple,224,224
fruit_dataset\apple\Apple_1143.jpg,Apple_1143.jpg,apple,224,224
fruit_dataset\apple\Apple_1144.jpg,Apple_1144.jpg,apple,224,224
fruit_dataset\apple\Apple_1145.jpg,Apple_1145.jpg,apple,224,224
fruit_dataset\apple\Apple_1146.jpg,Apple_1146.jpg,apple,224,224
fruit_dataset\apple\Apple_1147.jpg,Apple_1147.jpg,apple,224,224
fruit_dataset\apple\Apple_1148.jpg,Apple_1148.jpg,apple,224,224
fruit_dataset\apple\Apple_1149.jpg,Apple_1149.jpg,apple,224,224
fruit_dataset\apple\Apple_115.jpg,Apple_115.jpg,apple,224,224
fruit_dataset\apple\Apple_1150.jpg,Apple_1150.jpg,apple,224,224
fruit_dataset\apple\Apple_1151.jpg,Apple_1151.jpg,apple,224,224
fruit_dataset\apple\Apple_1152.jpg,Apple_1152.jpg,apple,224,224
fruit_dataset\apple\Apple_1153.jpg,Apple_1153.jpg,apple,224,224
fruit_dataset\apple\Apple_1154.jpg,Apple_1154.jpg,apple,224,224
fruit_dataset\apple\Apple_1155.jpg,Apple_1155.jpg,apple,224,224
fruit_dataset\apple\Apple_1156.jpg,Apple_1156.jpg,apple,224,224
fruit_dataset\apple\Apple_1157.jpg,Apple_1157.jpg,apple,224,224
fruit_dataset\apple\Apple_1158.jpg,Apple_1158.jpg,apple,224,224
fruit_dataset\apple\Apple_1159.jpg,Apple_1159.jpg,apple,224,224
fruit_dataset\apple\Apple_116.jpg,Apple_116.jpg,apple,224,224
fruit_dataset\apple\Apple_1160.jpg,Apple_1160.jpg,apple,224,224
fruit_dataset\apple\Apple_1161.jpg,Apple_1161.jpg,apple,224,224
fruit_dataset\apple\Apple_1162.jpg,Apple_1162.jpg,apple,224,224
fruit_dataset\apple\Apple_1163.jpg,Apple_1163.jpg,apple,224,224
fruit_dataset\apple\Apple_1164.jpg,Apple_1164.jpg,apple,224,224
fruit_dataset\apple\Apple_1165.jpg,Apple_1165.jpg,apple,224,224
fruit_dataset\apple\Apple_1166.jpg,Apple_1166.jpg,apple,224,224
fruit_dataset\apple\Apple_1167.jpg,Apple_1167.jpg,apple,224,224
fruit_dataset\apple\Apple_1168.jpg,Apple_1168.jpg,apple,224,224
fruit_dataset\apple\Apple_1169.jpg,Apple_1169.jpg,apple,224,224
fruit_dataset\apple\Apple_117.jpg,Apple_117.jpg,apple,224,224
fruit_dataset\apple\Apple_1170.jpg,Apple_1170.jpg,apple,224,224
fruit_dataset\apple\Apple_1171.jpg,Apple_1171.jpg,apple,224,224
fruit_dataset\apple\Apple_1172.jpg,Apple_1172.jpg,apple,224,224
fruit_dataset\apple\Apple_1173.jpg,Apple_1173.jpg,apple,224,224
fruit_dataset\apple\Apple_1174.jpg,Apple_1174.jpg,apple,224,224
fruit_dataset\apple\Apple_1175.jpg,Apple_1175.jpg,apple,224,224
fruit_dataset\apple\Apple_1176.jpg,Apple_1176.jpg,apple,224,224
fruit_dataset\apple\Apple_1177.jpg,Apple_1177.jpg,apple,224,224
fruit_dataset\apple\Apple_1178.jpg,Apple_1178.jpg,apple,224,224
fruit_dataset\apple\Apple_1179.jpg,Apple_1179.jpg,apple,224,224
fruit_dataset\apple\Apple_118.jpg,Apple_118.jpg,apple,224,224
fruit_dataset\apple\Apple_1180.jpg,Apple_1180.jpg,apple,224,224
fruit_dataset\apple\Apple_1181.jpg,Apple_1181.jpg,apple,224,224
fruit_dataset\apple\Apple_1182.jpg,Apple_1182.jpg,apple,224,224
fruit_dataset\apple\Apple_1183.jpg,Apple_1183.jpg,apple,224,224
fruit_dataset\apple\Apple_1184.jpg,Apple_1184.jpg,apple,224,224
fruit_dataset\apple\Apple_1185.jpg,Apple_1185.jpg,apple,224,224
fruit_dataset\apple\Apple_1186.jpg,Apple_1186.jpg,apple,224,224
fruit_dataset\apple\Apple_1187.jpg,Apple_1187.jpg,apple,224,224
fruit_dataset\apple\Apple_1188.jpg,Apple_1188.jpg,apple,224,224
fruit_dataset\apple\Apple_1189.jpg,Apple_1189.jpg,apple,224,224
fruit_dataset\apple\Apple_119.jpg,Apple_119.jpg,apple,224,224
fruit_dataset\apple\Apple_1190.jpg,Apple_1190.jpg,apple,224,224
fruit_dataset\apple\Apple_1191.jpg,Apple_1191.jpg,apple,224,224
fruit_dataset\apple\Apple_1192.jpg,Apple_1192.jpg,apple,224,224
fruit_dataset\apple\Apple_1193.jpg,Apple_1193.jpg,apple,224,224
fruit_dataset\apple\Apple_1194.jpg,Apple_1194.jpg,apple,224,224
fruit_dataset\apple\Apple_1195.jpg,Apple_1195.jpg,apple,224,224
fruit_dataset\apple\Apple_1196.jpg,Apple_1196.jpg,apple,224,224
fruit_dataset\apple\Apple_1197.jpg,Apple_1197.jpg,apple,224,224
fruit_dataset\apple\Apple_1198.jpg,Apple_1198.jpg,apple,224,224
fruit_dataset\apple\Apple_1199.jpg,Apple_1199.jpg,apple,224,224
fruit_dataset\apple\Apple_12.jpg,Apple_12.jpg,apple,224,224
fruit_dataset\apple\Apple_120.jpg,Apple_120.jpg,apple,224,224
fruit_dataset\apple\Apple_1200.jpg,Apple_1200.jpg,apple,224,224
fruit_dataset\apple\Apple_1201.jpg,Apple_1201.jpg,apple,224,224
fruit_dataset\apple\Apple_1202.jpg,Apple_1202.jpg,apple,224,224
fruit_dataset\apple\Apple_1203.jpg,Apple_1203.jpg,apple,224,224
fruit_dataset\apple\Apple_1204.jpg,Apple_1204.jpg,apple,224,224
fruit_dataset\apple\Apple_1205.jpg,Apple_1205.jpg,apple,224,224
fruit_dataset\apple\Apple_1206.jpg,Apple_1206.jpg,apple,224,224
fruit_dataset\apple\Apple_1207.jpg,Apple_1207.jpg,apple,224,224
fruit_dataset\apple\Apple_1208.jpg,Apple_1208.jpg,apple,224,224
fruit_dataset\apple\Apple_1209.jpg,Apple_1209.jpg,apple,224,224
fruit_dataset\apple\Apple_121.jpg,Apple_121.jpg,apple,224,224
fruit_dataset\apple\Apple_1210.jpg,Apple_1210.jpg,apple,224,224
fruit_dataset\apple\Apple_1211.jpg,Apple_1211.jpg,apple,224,224
fruit_dataset\apple\Apple_1212.jpg,Apple_1212.jpg,apple,224,224
fruit_dataset\apple\Apple_1213.jpg,Apple_1213.jpg,apple,224,224
fruit_dataset\apple\Apple_1214.jpg,Apple_1214.jpg,apple,224,224
fruit_dataset\apple\Apple_1215.jpg,Apple_1215.jpg,apple,224,224
fruit_dataset\apple\Apple_1216.jpg,Apple_1216.jpg,apple,224,224
fruit_dataset\apple\Apple_1217.jpg,Apple_1217.jpg,apple,224,224
fruit_dataset\apple\Apple_1218.jpg,Apple_1218.jpg,apple,224,224
fruit_dataset\apple\Apple_1219.jpg,Apple_1219.jpg,apple,224,224
fruit_dataset\apple\Apple_122.jpg,Apple_122.jpg,apple,224,224
fruit_dataset\apple\Apple_1220.jpg,Apple_1220.jpg,apple,224,224
fruit_dataset\apple\Apple_1221.jpg,Apple_1221.jpg,apple,224,224
fruit_dataset\apple\Apple_1222.jpg,Apple_1222.jpg,apple,224,224
fruit_dataset\apple\Apple_1223.jpg,Apple_1223.jpg,apple,224,224
fruit_dataset\apple\Apple_1224.jpg,Apple_1224.jpg,apple,224,224
fruit_dataset\apple\Apple_1225.jpg,Apple_1225.jpg,apple,224,224
fruit_dataset\apple\Apple_1226.jpg,Apple_1226.jpg,apple,224,224
fruit_dataset\apple\Apple_1227.jpg,Apple_1227.jpg,apple,224,224
fruit_dataset\apple\Apple_1228.jpg,Apple_1228.jpg,apple,224,224
fruit_dataset\apple\Apple_1229.jpg,Apple_1229.jpg,apple,224,224
fruit_dataset\apple\Apple_123.jpg,Apple_123.jpg,apple,224,224
fruit_dataset\apple\Apple_1230.jpg,Apple_1230.jpg,apple,224,224
fruit_dataset\apple\Apple_1231.jpg,Apple_1231.jpg,apple,224,224
fruit_dataset\apple\Apple_1232.jpg,Apple_1232.jpg,apple,224,224
fruit_dataset\apple\Apple_1233.jpg,Apple_1233.jpg,apple,224,224
fruit_dataset\apple\Apple_1234.jpg,Apple_1234.jpg,apple,224,224
fruit_dataset\apple\Apple_1235.jpg,Apple_1235.jpg,apple,224,224
fruit_dataset\apple\Apple_1236.jpg,Apple_1236.jpg,apple,224,224
fruit_dataset\apple\Apple_1237.jpg,Apple_1237.jpg,apple,224,224
fruit_dataset\apple\Apple_1238.jpg,Apple_1238.jpg,apple,224,224
fruit_dataset\apple\Apple_1239.jpg,Apple_1239.jpg,apple,224,224
fruit_dataset\apple\Apple_124.jpeg,Apple_124.jpeg,apple,224,224
fruit_dataset\apple\Apple_1240.jpg,Apple_1240.jpg,apple,224,224
fruit_dataset\apple\Apple_1241.jpg,Apple_1241.jpg,apple,224,224
fruit_dataset\apple\Apple_1242.jpg,Apple_1242.jpg,apple,224,224
fruit_dataset\apple\Apple_1243.jpg,Apple_1243.jpg,apple,224,224
fruit_dataset\apple\Apple_1244.jpg,Apple_1244.jpg,apple,224,224
fruit_dataset\apple\Apple_1245.jpg,Apple_1245.jpg,apple,224,224
fruit_dataset\apple\Apple_1246.jpg,Apple_1246.jpg,apple,224,224
fruit_dataset\apple\Apple_1247.jpg,Apple_1247.jpg,apple,224,224
fruit_dataset\apple\Apple_1248.jpg,Apple_1248.jpg,apple,224,224
fruit_dataset\apple\Apple_1249.jpg,Apple_1249.jpg,apple,224,224
fruit_dataset\apple\Apple_125.jpg,Apple_125.jpg,apple,224,224
fruit_dataset\apple\Apple_1250.jpg,Apple_1250.jpg,apple,224,224
fruit_dataset\apple\Apple_1251.jpg,Apple_1251.jpg,apple,224,224
fruit_dataset\apple\Apple_1252.jpg,Apple_1252.jpg,apple,224,224
fruit_dataset\apple\Apple_1253.jpg,Apple_1253.jpg,apple,224,224
fruit_dataset\apple\Apple_1254.jpg,Apple_1254.jpg,apple,224,224
fruit_dataset\apple\Apple_1255.jpg,Apple_1255.jpg,apple,224,224
fruit_dataset\apple\Apple_1256.jpg,Apple_1256.jpg,apple,224,224
fruit_dataset\apple\Apple_1257.jpg,Apple_1257.jpg,apple,224,224
fruit_dataset\apple\Apple_1258.jpg,Apple_1258.jpg,apple,224,224
fruit_dataset\apple\Apple_1259.jpg,Apple_1259.jpg,apple,224,224
fruit_dataset\apple\Apple_126.jpg,Apple_126.jpg,apple,224,224
fruit_dataset\apple\Apple_1260.jpg,Apple_1260.jpg,apple,224,224
fruit_dataset\apple\Apple_1261.jpg,Apple_1261.jpg,apple,224,224
fruit_dataset\apple\Apple_1262.jpg,Apple_1262.jpg,apple,224,224
fruit_dataset\apple\Apple_1263.jpg,Apple_1263.jpg,apple,224,224
fruit_dataset\apple\Apple_1264.jpg,Apple_1264.jpg,apple,224,224
fruit_dataset\apple\Apple_1265.jpg,Apple_1265.jpg,apple,224,224
fruit_dataset\apple\Apple_1266.jpg,Apple_1266.jpg,apple,224,224
fruit_dataset\apple\Apple_1267.jpg,Apple_1267.jpg,apple,224,224
fruit_dataset\apple\Apple_1268.jpg,Apple_1268.jpg,apple,224,224
fruit_dataset\apple\Apple_1269.jpg,Apple_1269.jpg,apple,224,224
fruit_dataset\apple\Apple_127.jpg,Apple_127.jpg,apple,224,224
fruit_dataset\apple\Apple_1270.jpg,Apple_1270.jpg,apple,224,224
fruit_dataset\apple\Apple_1271.jpg,Apple_1271.jpg,apple,224,224
fruit_dataset\apple\Apple_1272.jpg,Apple_1272.jpg,apple,224,224
fruit_dataset\apple\Apple_1273.jpg,Apple_1273.jpg,apple,224,224
fruit_dataset\apple\Apple_1274.jpg,Apple_1274.jpg,apple,224,224
fruit_dataset\apple\Apple_1275.jpg,Apple_1275.jpg,apple,224,224
fruit_dataset\apple\Apple_1276.jpg,Apple_1276.jpg,apple,224,224
fruit_dataset\apple\Apple_1277.jpg,Apple_1277.jpg,apple,224,224
fruit_dataset\apple\Apple_1278.jpg,Apple_1278.jpg,apple,224,224
fruit_dataset\apple\Apple_1279.jpg,Apple_1279.jpg,apple,224,224
fruit_dataset\apple\Apple_128.jpg,Apple_128.jpg,apple,224,224
fruit_dataset\apple\Apple_1280.jpg,Apple_1280.jpg,apple,224,224
fruit_dataset\apple\Apple_1281.jpg,Apple_1281.jpg,apple,224,224
fruit_dataset\apple\Apple_1282.jpg,Apple_1282.jpg,apple,224,224
fruit_dataset\apple\Apple_1283.jpg,Apple_1283.jpg,apple,224,224
fruit_dataset\apple\Apple_1284.jpg,Apple_1284.jpg,apple,224,224
fruit_dataset\apple\Apple_1285.jpg,Apple_1285.jpg,apple,224,224
fruit_dataset\apple\Apple_1286.jpg,Apple_1286.jpg,apple,224,224
fruit_dataset\apple\Apple_1287.jpg,Apple_1287.jpg,apple,224,224
fruit_dataset\apple\Apple_1288.jpg,Apple_1288.jpg,apple,224,224
fruit_dataset\apple\Apple_1289.jpg,Apple_1289.jpg,apple,224,224
fruit_dataset\apple\Apple_129.jpg,Apple_129.jpg,apple,224,224
fruit_dataset\apple\Apple_1290.jpg,Apple_1290.jpg,apple,224,224
fruit_dataset\apple\Apple_1291.jpg,Apple_1291.jpg,apple,224,224
fruit_dataset\apple\Apple_1292.jpg,Apple_1292.jpg,apple,224,224
fruit_dataset\apple\Apple_1293.jpg,Apple_1293.jpg,apple,224,224
fruit_dataset\apple\Apple_1294.jpg,Apple_1294.jpg,apple,224,224
fruit_dataset\apple\Apple_1295.jpg,Apple_1295.jpg,apple,224,224
fruit_dataset\apple\Apple_1296.jpg,Apple_1296.jpg,apple,224,224
fruit_dataset\apple\Apple_1297.jpg,Apple_1297.jpg,apple,224,224
fruit_dataset\apple\Apple_1298.jpg,Apple_1298.jpg,apple,224,224
fruit_dataset\apple\Apple_1299.jpg,Apple_1299.jpg,apple,224,224
fruit_dataset\apple\Apple_13.jpg,Apple_13.jpg,apple,224,224
fruit_dataset\apple\Apple_130.jpg,Apple_130.jpg,apple,224,224
fruit_dataset\apple\Apple_1300.jpg,Apple_1300.jpg,apple,224,224
fruit_dataset\apple\Apple_1301.jpg,Apple_1301.jpg,apple,224,224
fruit_dataset\apple\Apple_1302.jpg,Apple_1302.jpg,apple,224,224
fruit_dataset\apple\Apple_1303.jpg,Apple_1303.jpg,apple,224,224
fruit_dataset\apple\Apple_1304.jpg,Apple_1304.jpg,apple,224,224
fruit_dataset\apple\Apple_1305.jpg,Apple_1305.jpg,apple,224,224
fruit_dataset\apple\Apple_1306.jpg,Apple_1306.jpg,apple,224,224
fruit_dataset\apple\Apple_1307.jpg,Apple_1307.jpg,apple,224,224
fruit_dataset\apple\Apple_1308.jpg,Apple_1308.jpg,apple,224,224
fruit_dataset\apple\Apple_1309.jpg,Apple_1309.jpg,apple,224,224
fruit_dataset\apple\Apple_131.jpg,Apple_131.jpg,apple,224,224
fruit_dataset\apple\Apple_1310.jpg,Apple_1310.jpg,apple,224,224
fruit_dataset\apple\Apple_1311.jpg,Apple_1311.jpg,apple,224,224
fruit_dataset\apple\Apple_1312.jpg,Apple_1312.jpg,apple,224,224
fruit_dataset\apple\Apple_1313.jpg,Apple_1313.jpg,apple,224,224
fruit_dataset\apple\Apple_1314.jpg,Apple_1314.jpg,apple,224,224
fruit_dataset\apple\Apple_1315.jpg,Apple_1315.jpg,apple,224,224
fruit_dataset\apple\Apple_1316.jpg,Apple_1316.jpg,apple,224,224
fruit_dataset\apple\Apple_1317.jpg,Apple_1317.jpg,apple,224,224
fruit_dataset\apple\Apple_1318.jpg,Apple_1318.jpg,apple,224,224
fruit_dataset\apple\Apple_1319.jpg,Apple_1319.jpg,apple,224,224
fruit_dataset\apple\Apple_132.jpg,Apple_132.jpg,apple,224,224
fruit_dataset\apple\Apple_1320.jpg,Apple_1320.jpg,apple,224,224
fruit_dataset\apple\Apple_1321.jpg,Apple_1321.jpg,apple,224,224
fruit_dataset\apple\Apple_1322.png,Apple_1322.png,apple,224,224
fruit_dataset\apple\Apple_1323.jpg,Apple_1323.jpg,apple,224,224
fruit_dataset\apple\Apple_1324.jpg,Apple_1324.jpg,apple,224,224
fruit_dataset\apple\Apple_1325.jpg,Apple_1325.jpg,apple,224,224
fruit_dataset\apple\Apple_1326.jpg,Apple_1326.jpg,apple,224,224
fruit_dataset\apple\Apple_1327.jpeg,Apple_1327.jpeg,apple,224,224
fruit_dataset\apple\Apple_1328.jpeg,Apple_1328.jpeg,apple,224,224
fruit_dataset\apple\Apple_1329.jpg,Apple_1329.jpg,apple,224,224
fruit_dataset\apple\Apple_133.jpg,Apple_133.jpg,apple,224,224
fruit_dataset\apple\Apple_1330.jpg,Apple_1330.jpg,apple,224,224
fruit_dataset\apple\Apple_1331.jpg,Apple_1331.jpg,apple,224,224
fruit_dataset\apple\Apple_1332.jpeg,Apple_1332.jpeg,apple,224,224
fruit_dataset\apple\Apple_1333.jpg,Apple_1333.jpg,apple,224,224
fruit_dataset\apple\Apple_1334.jpg,Apple_1334.jpg,apple,224,224
fruit_dataset\apple\Apple_1335.jpg,Apple_1335.jpg,apple,224,224
fruit_dataset\apple\Apple_1336.jpg,Apple_1336.jpg,apple,224,224
fruit_dataset\apple\Apple_1337.jpg,Apple_1337.jpg,apple,224,224
fruit_dataset\apple\Apple_1338.jpg,Apple_1338.jpg,apple,224,224
fruit_dataset\apple\Apple_1339.png,Apple_1339.png,apple,224,224
fruit_dataset\apple\Apple_134.jpg,Apple_134.jpg,apple,224,224
fruit_dataset\apple\Apple_1340.jpg,Apple_1340.jpg,apple,224,224
fruit_dataset\apple\Apple_1341.jpg,Apple_1341.jpg,apple,224,224
fruit_dataset\apple\Apple_1342.jpg,Apple_1342.jpg,apple,224,224
fruit_dataset\apple\Apple_1343.jpg,Apple_1343.jpg,apple,224,224
fruit_dataset\apple\Apple_1344.jpg,Apple_1344.jpg,apple,224,224
fruit_dataset\apple\Apple_1345.jpg,Apple_1345.jpg,apple,224,224
fruit_dataset\apple\Apple_1346.jpg,Apple_1346.jpg,apple,224,224
fruit_dataset\apple\Apple_1347.jpg,Apple_1347.jpg,apple,224,224
fruit_dataset\apple\Apple_1348.jpg,Apple_1348.jpg,apple,224,224
fruit_dataset\apple\Apple_1349.jpg,Apple_1349.jpg,apple,224,224
fruit_dataset\apple\Apple_135.jpg,Apple_135.jpg,apple,224,224
fruit_dataset\apple\Apple_1350.jpg,Apple_1350.jpg,apple,224,224
fruit_dataset\apple\Apple_1351.jpg,Apple_1351.jpg,apple,224,224
fruit_dataset\apple\Apple_1352.jpg,Apple_1352.jpg,apple,224,224
fruit_dataset\apple\Apple_1353.jpg,Apple_1353.jpg,apple,224,224
fruit_dataset\apple\Apple_1354.jpg,Apple_1354.jpg,apple,224,224
fruit_dataset\apple\Apple_1355.jpg,Apple_1355.jpg,apple,224,224
fruit_dataset\apple\Apple_1356.jpg,Apple_1356.jpg,apple,224,224
fruit_dataset\apple\Apple_1357.jpg,Apple_1357.jpg,apple,224,224
fruit_dataset\apple\Apple_1358.jpg,Apple_1358.jpg,apple,224,224
fruit_dataset\apple\Apple_1359.jpg,Apple_1359.jpg,apple,224,224
fruit_dataset\apple\Apple_136.jpg,Apple_136.jpg,apple,224,224
fruit_dataset\apple\Apple_1360.jpg,Apple_1360.jpg,apple,224,224
fruit_dataset\apple\Apple_1361.jpg,Apple_1361.jpg,apple,224,224
fruit_dataset\apple\Apple_1362.jpg,Apple_1362.jpg,apple,224,224
fruit_dataset\apple\Apple_1363.jpg,Apple_1363.jpg,apple,224,224
fruit_dataset\apple\Apple_1364.jpg,Apple_1364.jpg,apple,224,224
fruit_dataset\apple\Apple_1365.png,Apple_1365.png,apple,224,224
fruit_dataset\apple\Apple_1366.jpg,Apple_1366.jpg,apple,224,224
fruit_dataset\apple\Apple_1367.jpg,Apple_1367.jpg,apple,224,224
fruit_dataset\apple\Apple_1368.jpg,Apple_1368.jpg,apple,224,224
fruit_dataset\apple\Apple_1369.jpg,Apple_1369.jpg,apple,224,224
fruit_dataset\apple\Apple_137.png,Apple_137.png,apple,224,224
fruit_dataset\apple\Apple_1370.jpg,Apple_1370.jpg,apple,224,224
fruit_dataset\apple\Apple_1371.jpg,Apple_1371.jpg,apple,224,224
fruit_dataset\apple\Apple_1372.jpg,Apple_1372.jpg,apple,224,224
fruit_dataset\apple\Apple_1373.jpg,Apple_1373.jpg,apple,224,224
fruit_dataset\apple\Apple_1374.jpg,Apple_1374.jpg,apple,224,224
fruit_dataset\apple\Apple_1375.jpeg,Apple_1375.jpeg,apple,224,224
fruit_dataset\apple\Apple_1376.jpg,Apple_1376.jpg,apple,224,224
fruit_dataset\apple\Apple_1377.jpg,Apple_1377.jpg,apple,224,224
fruit_dataset\apple\Apple_1378.jpg,Apple_1378.jpg,apple,224,224
fruit_dataset\apple\Apple_1379.jpg,Apple_1379.jpg,apple,224,224
fruit_dataset\apple\Apple_138.jpg,Apple_138.jpg,apple,224,224
fruit_dataset\apple\Apple_1380.jpg,Apple_1380.jpg,apple,224,224
fruit_dataset\apple\Apple_1381.jpg,Apple_1381.jpg,apple,224,224
fruit_dataset\apple\Apple_1382.jpg,Apple_1382.jpg,apple,224,224
fruit_dataset\apple\Apple_1383.jpg,Apple_1383.jpg,apple,224,224
fruit_dataset\apple\Apple_1384.jpg,Apple_1384.jpg,apple,224,224
fruit_dataset\apple\Apple_1385.jpg,Apple_1385.jpg,apple,224,224
fruit_dataset\apple\Apple_1386.jpg,Apple_1386.jpg,apple,224,224
fruit_dataset\apple\Apple_1387.jpg,Apple_1387.jpg,apple,224,224
fruit_dataset\apple\Apple_1388.jpg,Apple_1388.jpg,apple,224,224
fruit_dataset\apple\Apple_1389.jpg,Apple_1389.jpg,apple,224,224
fruit_dataset\apple\Apple_139.jpg,Apple_139.jpg,apple,224,224
fruit_dataset\apple\Apple_1390.jpg,Apple_1390.jpg,apple,224,224
fruit_dataset\apple\Apple_1391.png,Apple_1391.png,apple,224,224
fruit_dataset\apple\Apple_1392.jpg,Apple_1392.jpg,apple,224,224
fruit_dataset\apple\Apple_1393.jpg,Apple_1393.jpg,apple,224,224
fruit_dataset\apple\Apple_1394.jpg,Apple_1394.jpg,apple,224,224
fruit_dataset\apple\Apple_1395.jpg,Apple_1395.jpg,apple,224,224
fruit_dataset\apple\Apple_1396.jpg,Apple_1396.jpg,apple,224,224
fruit_dataset\apple\Apple_1397.jpg,Apple_1397.jpg,apple,224,224
fruit_dataset\apple\Apple_1398.jpg,Apple_1398.jpg,apple,224,224
fruit_dataset\apple\Apple_1399.jpg,Apple_1399.jpg,apple,224,224
fruit_dataset\apple\Apple_14.jpg,Apple_14.jpg,apple,224,224
fruit_dataset\apple\Apple_140.jpg,Apple_140.jpg,apple,224,224
fruit_dataset\apple\Apple_1400.jpg,Apple_1400.jpg,apple,224,224
fruit_dataset\apple\Apple_1401.jpg,Apple_1401.jpg,apple,224,224
fruit_dataset\apple\Apple_1402.jpg,Apple_1402.jpg,apple,224,224
fruit_dataset\apple\Apple_1403.jpg,Apple_1403.jpg,apple,224,224
fruit_dataset\apple\Apple_1404.jpg,Apple_1404.jpg,apple,224,224
fruit_dataset\apple\Apple_1405.jpg,Apple_1405.jpg,apple,224,224
fruit_dataset\apple\Apple_1406.jpg,Apple_1406.jpg,apple,224,224
fruit_dataset\apple\Apple_1407.jpg,Apple_1407.jpg,apple,224,224
fruit_dataset\apple\Apple_1408.jpg,Apple_1408.jpg,apple,224,224
fruit_dataset\apple\Apple_1409.jpg,Apple_1409.jpg,apple,224,224
fruit_dataset\apple\Apple_141.jpeg,Apple_141.jpeg,apple,224,224
fruit_dataset\apple\Apple_1410.jpg,Apple_1410.jpg,apple,224,224
fruit_dataset\apple\Apple_1411.jpg,Apple_1411.jpg,apple,224,224
fruit_dataset\apple\Apple_1412.jpg,Apple_1412.jpg,apple,224,224
fruit_dataset\apple\Apple_1413.jpg,Apple_1413.jpg,apple,224,224
fruit_dataset\apple\Apple_1414.jpg,Apple_1414.jpg,apple,224,224
fruit_dataset\apple\Apple_1415.jpg,Apple_1415.jpg,apple,224,224
fruit_dataset\apple\Apple_1416.jpg,Apple_1416.jpg,apple,224,224
fruit_dataset\apple\Apple_1417.jpg,Apple_1417.jpg,apple,224,224
fruit_dataset\apple\Apple_1418.jpg,Apple_1418.jpg,apple,224,224
fruit_dataset\apple\Apple_1419.jpg,Apple_1419.jpg,apple,224,224
fruit_dataset\apple\Apple_142.jpeg,Apple_142.jpeg,apple,224,224
fruit_dataset\apple\Apple_1420.jpg,Apple_1420.jpg,apple,224,224
fruit_dataset\apple\Apple_1421.jpg,Apple_1421.jpg,apple,224,224
fruit_dataset\apple\Apple_1422.jpg,Apple_1422.jpg,apple,224,224
fruit_dataset\apple\Apple_1423.jpg,Apple_1423.jpg,apple,224,224
fruit_dataset\apple\Apple_1424.jpg,Apple_1424.jpg,apple,224,224
fruit_dataset\apple\Apple_1425.jpg,Apple_1425.jpg,apple,224,224
fruit_dataset\apple\Apple_1426.jpg,Apple_1426.jpg,apple,224,224
fruit_dataset\apple\Apple_1427.jpg,Apple_1427.jpg,apple,224,224
fruit_dataset\apple\Apple_1428.jpg,Apple_1428.jpg,apple,224,224
fruit_dataset\apple\Apple_1429.jpg,Apple_1429.jpg,apple,224,224
fruit_dataset\apple\Apple_143.jpg,Apple_143.jpg,apple,224,224
fruit_dataset\apple\Apple_1430.jpg,Apple_1430.jpg,apple,224,224
fruit_dataset\apple\Apple_1431.jpg,Apple_1431.jpg,apple,224,224
fruit_dataset\apple\Apple_1432.jpg,Apple_1432.jpg,apple,224,224
fruit_dataset\apple\Apple_1433.jpg,Apple_1433.jpg,apple,224,224
fruit_dataset\apple\Apple_1434.jpg,Apple_1434.jpg,apple,224,224
fruit_dataset\apple\Apple_1435.jpg,Apple_1435.jpg,apple,224,224
fruit_dataset\apple\Apple_1436.jpg,Apple_1436.jpg,apple,224,224
fruit_dataset\apple\Apple_1437.jpg,Apple_1437.jpg,apple,224,224
fruit_dataset\apple\Apple_1438.jpg,Apple_1438.jpg,apple,224,224
fruit_dataset\apple\Apple_1439.jpg,Apple_1439.jpg,apple,224,224
fruit_dataset\apple\Apple_144.jpg,Apple_144.jpg,apple,224,224
fruit_dataset\apple\Apple_1440.jpg,Apple_1440.jpg,apple,224,224
fruit_dataset\apple\Apple_1441.jpg,Apple_1441.jpg,apple,224,224
fruit_dataset\apple\Apple_1442.jpg,Apple_1442.jpg,apple,224,224
fruit_dataset\apple\Apple_1443.jpg,Apple_1443.jpg,apple,224,224
fruit_dataset\apple\Apple_1444.jpg,Apple_1444.jpg,apple,224,224
fruit_dataset\apple\Apple_1445.jpg,Apple_1445.jpg,apple,224,224
fruit_dataset\apple\Apple_1446.jpg,Apple_1446.jpg,apple,224,224
fruit_dataset\apple\Apple_1447.jpg,Apple_1447.jpg,apple,224,224
fruit_dataset\apple\Apple_1448.jpg,Apple_1448.jpg,apple,224,224
fruit_dataset\apple\Apple_1449.jpg,Apple_1449.jpg,apple,224,224
fruit_dataset\apple\Apple_145.jpg,Apple_145.jpg,apple,224,224
fruit_dataset\apple\Apple_1450.jpg,Apple_1450.jpg,apple,224,224
fruit_dataset\apple\Apple_1451.jpg,Apple_1451.jpg,apple,224,224
fruit_dataset\apple\Apple_1452.jpg,Apple_1452.jpg,apple,224,224
fruit_dataset\apple\Apple_1453.jpg,Apple_1453.jpg,apple,224,224
fruit_dataset\apple\Apple_1454.jpg,Apple_1454.jpg,apple,224,224
fruit_dataset\apple\Apple_1455.jpg,Apple_1455.jpg,apple,224,224
fruit_dataset\apple\Apple_1456.jpg,Apple_1456.jpg,apple,224,224
fruit_dataset\apple\Apple_1457.jpg,Apple_1457.jpg,apple,224,224
fruit_dataset\apple\Apple_1458.jpg,Apple_1458.jpg,apple,224,224
fruit_dataset\apple\Apple_1459.jpg,Apple_1459.jpg,apple,224,224
fruit_dataset\apple\Apple_146.jpg,Apple_146.jpg,apple,224,224
fruit_dataset\apple\Apple_1460.jpg,Apple_1460.jpg,apple,224,224
fruit_dataset\apple\Apple_1461.jpg,Apple_1461.jpg,apple,224,224
fruit_dataset\apple\Apple_1462.jpg,Apple_1462.jpg,apple,224,224
fruit_dataset\apple\Apple_1463.jpg,Apple_1463.jpg,apple,224,224
fruit_dataset\apple\Apple_1464.jpg,Apple_1464.jpg,apple,224,224
fruit_dataset\apple\Apple_1465.jpg,Apple_1465.jpg,apple,224,224
fruit_dataset\apple\Apple_1466.jpg,Apple_1466.jpg,apple,224,224
fruit_dataset\apple\Apple_1467.jpg,Apple_1467.jpg,apple,224,224
fruit_dataset\apple\Apple_1468.png,Apple_1468.png,apple,224,224
fruit_dataset\apple\Apple_1469.jpg,Apple_1469.jpg,apple,224,224
fruit_dataset\apple\Apple_147.jpg,Apple_147.jpg,apple,224,224
fruit_dataset\apple\Apple_1470.jpg,Apple_1470.jpg,apple,224,224
fruit_dataset\apple\Apple_1471.jpg,Apple_1471.jpg,apple,224,224
fruit_dataset\apple\Apple_1472.jpg,Apple_1472.jpg,apple,224,224
fruit_dataset\apple\Apple_1473.jpg,Apple_1473.jpg,apple,224,224
fruit_dataset\apple\Apple_1474.jpg,Apple_1474.jpg,apple,224,224
fruit_dataset\apple\Apple_1475.jpg,Apple_1475.jpg,apple,224,224
fruit_dataset\apple\Apple_1476.jpg,Apple_1476.jpg,apple,224,224
fruit_dataset\apple\Apple_1477.jpg,Apple_1477.jpg,apple,224,224
fruit_dataset\apple\Apple_1478.jpg,Apple_1478.jpg,apple,224,224
fruit_dataset\apple\Apple_1479.jpg,Apple_1479.jpg,apple,224,224
fruit_dataset\apple\Apple_148.jpg,Apple_148.jpg,apple,224,224
fruit_dataset\apple\Apple_1480.jpg,Apple_1480.jpg,apple,224,224
fruit_dataset\apple\Apple_1481.jpg,Apple_1481.jpg,apple,224,224
fruit_dataset\apple\Apple_1482.jpg,Apple_1482.jpg,apple,224,224
fruit_dataset\apple\Apple_1483.jpg,Apple_1483.jpg,apple,224,224
fruit_dataset\apple\Apple_1484.jpg,Apple_1484.jpg,apple,224,224
fruit_dataset\apple\Apple_1485.jpg,Apple_1485.jpg,apple,224,224
fruit_dataset\apple\Apple_1486.jpg,Apple_1486.jpg,apple,224,224
fruit_dataset\apple\Apple_1487.png,Apple_1487.png,apple,224,224
fruit_dataset\apple\Apple_1488.png,Apple_1488.png,apple,224,224
fruit_dataset\apple\Apple_1489.jpg,Apple_1489.jpg,apple,224,224
fruit_dataset\apple\Apple_149.jpg,Apple_149.jpg,apple,224,224
fruit_dataset\apple\Apple_1490.jpg,Apple_1490.jpg,apple,224,224
fruit_dataset\apple\Apple_1491.jpg,Apple_1491.jpg,apple,224,224
fruit_dataset\apple\Apple_1492.jpg,Apple_1492.jpg,apple,224,224
fruit_dataset\apple\Apple_1493.jpg,Apple_1493.jpg,apple,224,224
fruit_dataset\apple\Apple_1494.jpg,Apple_1494.jpg,apple,224,224
fruit_dataset\apple\Apple_1495.jpg,Apple_1495.jpg,apple,224,224
fruit_dataset\apple\Apple_1496.jpg,Apple_1496.jpg,apple,224,224
fruit_dataset\apple\Apple_1497.jpg,Apple_1497.jpg,apple,224,224
fruit_dataset\apple\Apple_1498.jpg,Apple_1498.jpg,apple,224,224
fruit_dataset\apple\Apple_1499.jpg,Apple_1499.jpg,apple,224,224
fruit_dataset\apple\Apple_15.jpg,Apple_15.jpg,apple,224,224
fruit_dataset\apple\Apple_150.jpg,Apple_150.jpg,apple,224,224
fruit_dataset\apple\Apple_1500.jpg,Apple_1500.jpg,apple,224,224
fruit_dataset\apple\Apple_1501.jpg,Apple_1501.jpg,apple,224,224
fruit_dataset\apple\Apple_1502.jpg,Apple_1502.jpg,apple,224,224
fruit_dataset\apple\Apple_1503.jpg,Apple_1503.jpg,apple,224,224
fruit_dataset\apple\Apple_1504.jpg,Apple_1504.jpg,apple,224,224
fruit_dataset\apple\Apple_1505.jpg,Apple_1505.jpg,apple,224,224
fruit_dataset\apple\Apple_1506.jpg,Apple_1506.jpg,apple,224,224
fruit_dataset\apple\Apple_1507.jpg,Apple_1507.jpg,apple,224,224
fruit_dataset\apple\Apple_1508.jpg,Apple_1508.jpg,apple,224,224
fruit_dataset\apple\Apple_1509.jpg,Apple_1509.jpg,apple,224,224
fruit_dataset\apple\Apple_151.jpg,Apple_151.jpg,apple,224,224
fruit_dataset\apple\Apple_1510.jpg,Apple_1510.jpg,apple,224,224
fruit_dataset\apple\Apple_1511.jpg,Apple_1511.jpg,apple,224,224
fruit_dataset\apple\Apple_1512.jpg,Apple_1512.jpg,apple,224,224
fruit_dataset\apple\Apple_1513.jpg,Apple_1513.jpg,apple,224,224
fruit_dataset\apple\Apple_1514.jpg,Apple_1514.jpg,apple,224,224
fruit_dataset\apple\Apple_1515.jpg,Apple_1515.jpg,apple,224,224
fruit_dataset\apple\Apple_1516.jpg,Apple_1516.jpg,apple,224,224
fruit_dataset\apple\Apple_1517.jpg,Apple_1517.jpg,apple,224,224
fruit_dataset\apple\Apple_1518.jpg,Apple_1518.jpg,apple,224,224
fruit_dataset\apple\Apple_1519.jpg,Apple_1519.jpg,apple,224,224
fruit_dataset\apple\Apple_152.jpg,Apple_152.jpg,apple,224,224
fruit_dataset\apple\Apple_1520.jpg,Apple_1520.jpg,apple,224,224
fruit_dataset\apple\Apple_1521.jpg,Apple_1521.jpg,apple,224,224
fruit_dataset\apple\Apple_153.jpg,Apple_153.jpg,apple,224,224
fruit_dataset\apple\Apple_154.jpg,Apple_154.jpg,apple,224,224
fruit_dataset\apple\Apple_155.jpg,Apple_155.jpg,apple,224,224
fruit_dataset\apple\Apple_156.jpg,Apple_156.jpg,apple,224,224
fruit_dataset\apple\Apple_157.jpg,Apple_157.jpg,apple,224,224
fruit_dataset\apple\Apple_158.jpg,Apple_158.jpg,apple,224,224
fruit_dataset\apple\Apple_159.jpg,Apple_159.jpg,apple,224,224
fruit_dataset\apple\Apple_16.jpg,Apple_16.jpg,apple,224,224
fruit_dataset\apple\Apple_160.jpg,Apple_160.jpg,apple,224,224
fruit_dataset\apple\Apple_161.jpg,Apple_161.jpg,apple,224,224
fruit_dataset\apple\Apple_162.jpg,Apple_162.jpg,apple,224,224
fruit_dataset\apple\Apple_163.jpg,Apple_163.jpg,apple,224,224
fruit_dataset\apple\Apple_164.jpg,Apple_164.jpg,apple,224,224
fruit_dataset\apple\Apple_165.jpg,Apple_165.jpg,apple,224,224
fruit_dataset\apple\Apple_166.jpg,Apple_166.jpg,apple,224,224
fruit_dataset\apple\Apple_167.jpg,Apple_167.jpg,apple,224,224
fruit_dataset\apple\Apple_168.jpg,Apple_168.jpg,apple,224,224
fruit_dataset\apple\Apple_169.jpg,Apple_169.jpg,apple,224,224
fruit_dataset\apple\Apple_17.jpg,Apple_17.jpg,apple,224,224
fruit_dataset\apple\Apple_170.jpg,Apple_170.jpg,apple,224,224
fruit_dataset\apple\Apple_171.jpg,Apple_171.jpg,apple,224,224
fruit_dataset\apple\Apple_172.jpg,Apple_172.jpg,apple,224,224
fruit_dataset\apple\Apple_173.jpg,Apple_173.jpg,apple,224,224
fruit_dataset\apple\Apple_174.jpg,Apple_174.jpg,apple,224,224
fruit_dataset\apple\Apple_175.jpg,Apple_175.jpg,apple,224,224
fruit_dataset\apple\Apple_176.jpg,Apple_176.jpg,apple,224,224
fruit_dataset\apple\Apple_177.jpg,Apple_177.jpg,apple,224,224
fruit_dataset\apple\Apple_178.jpg,Apple_178.jpg,apple,224,224
fruit_dataset\apple\Apple_179.jpg,Apple_179.jpg,apple,224,224
fruit_dataset\apple\Apple_18.jpg,Apple_18.jpg,apple,224,224
fruit_dataset\apple\Apple_180.jpeg,Apple_180.jpeg,apple,224,224
fruit_dataset\apple\Apple_181.png,Apple_181.png,apple,224,224
fruit_dataset\apple\Apple_182.jpg,Apple_182.jpg,apple,224,224
fruit_dataset\apple\Apple_183.jpg,Apple_183.jpg,apple,224,224
fruit_dataset\apple\Apple_184.jpg,Apple_184.jpg,apple,224,224
fruit_dataset\apple\Apple_185.jpg,Apple_185.jpg,apple,224,224
fruit_dataset\apple\Apple_186.jpg,Apple_186.jpg,apple,224,224
fruit_dataset\apple\Apple_187.jpeg,Apple_187.jpeg,apple,224,224
fruit_dataset\apple\Apple_188.jpg,Apple_188.jpg,apple,224,224
fruit_dataset\apple\Apple_189.jpg,Apple_189.jpg,apple,224,224
fruit_dataset\apple\Apple_19.jpg,Apple_19.jpg,apple,224,224
fruit_dataset\apple\Apple_190.jpg,Apple_190.jpg,apple,224,224
fruit_dataset\apple\Apple_191.jpg,Apple_191.jpg,apple,224,224
fruit_dataset\apple\Apple_192.jpg,Apple_192.jpg,apple,224,224
fruit_dataset\apple\Apple_193.jpg,Apple_193.jpg,apple,224,224
fruit_dataset\apple\Apple_194.png,Apple_194.png,apple,224,224
fruit_dataset\apple\Apple_195.png,Apple_195.png,apple,224,224
fruit_dataset\apple\Apple_196.jpg,Apple_196.jpg,apple,224,224
fruit_dataset\apple\Apple_197.jpg,Apple_197.jpg,apple,224,224
fruit_dataset\apple\Apple_198.jpg,Apple_198.jpg,apple,224,224
fruit_dataset\apple\Apple_199.jpg,Apple_199.jpg,apple,224,224
fruit_dataset\apple\Apple_2.jpg,Apple_2.jpg,apple,224,224
fruit_dataset\apple\Apple_20.jpg,Apple_20.jpg,apple,224,224
fruit_dataset\apple\Apple_200.jpg,Apple_200.jpg,apple,224,224
fruit_dataset\apple\Apple_201.png,Apple_201.png,apple,224,224
fruit_dataset\apple\Apple_202.jpg,Apple_202.jpg,apple,224,224
fruit_dataset\apple\Apple_203.jpg,Apple_203.jpg,apple,224,224
fruit_dataset\apple\Apple_204.jpg,Apple_204.jpg,apple,224,224
fruit_dataset\apple\Apple_205.jpg,Apple_205.jpg,apple,224,224
fruit_dataset\apple\Apple_206.jpg,Apple_206.jpg,apple,224,224
fruit_dataset\apple\Apple_207.jpg,Apple_207.jpg,apple,224,224
fruit_dataset\apple\Apple_208.jpg,Apple_208.jpg,apple,224,224
fruit_dataset\apple\Apple_209.jpg,Apple_209.jpg,apple,224,224
fruit_dataset\apple\Apple_21.jpg,Apple_21.jpg,apple,224,224
fruit_dataset\apple\Apple_210.jpg,Apple_210.jpg,apple,224,224
fruit_dataset\apple\Apple_211.jpg,Apple_211.jpg,apple,224,224
fruit_dataset\apple\Apple_212.jpg,Apple_212.jpg,apple,224,224
fruit_dataset\apple\Apple_213.jpg,Apple_213.jpg,apple,224,224
fruit_dataset\apple\Apple_214.jpg,Apple_214.jpg,apple,224,224
fruit_dataset\apple\Apple_215.jpg,Apple_215.jpg,apple,224,224
fruit_dataset\apple\Apple_216.jpg,Apple_216.jpg,apple,224,224
fruit_dataset\apple\Apple_217.jpg,Apple_217.jpg,apple,224,224
fruit_dataset\apple\Apple_218.jpg,Apple_218.jpg,apple,224,224
fruit_dataset\apple\Apple_219.jpg,Apple_219.jpg,apple,224,224
fruit_dataset\apple\Apple_22.jpg,Apple_22.jpg,apple,224,224
fruit_dataset\apple\Apple_220.jpg,Apple_220.jpg,apple,224,224
fruit_dataset\apple\Apple_221.png,Apple_221.png,apple,224,224
fruit_dataset\apple\Apple_222.jpg,Apple_222.jpg,apple,224,224
fruit_dataset\apple\Apple_223.jpg,Apple_223.jpg,apple,224,224
fruit_dataset\apple\Apple_224.jpg,Apple_224.jpg,apple,224,224
fruit_dataset\apple\Apple_225.jpeg,Apple_225.jpeg,apple,224,224
fruit_dataset\apple\Apple_226.jpeg,Apple_226.jpeg,apple,224,224
fruit_dataset\apple\Apple_227.jpg,Apple_227.jpg,apple,224,224
fruit_dataset\apple\Apple_228.jpeg,Apple_228.jpeg,apple,224,224
fruit_dataset\apple\Apple_229.jpeg,Apple_229.jpeg,apple,224,224
fruit_dataset\apple\Apple_23.jpg,Apple_23.jpg,apple,224,224
fruit_dataset\apple\Apple_230.jpg,Apple_230.jpg,apple,224,224
fruit_dataset\apple\Apple_231.jpg,Apple_231.jpg,apple,224,224
fruit_dataset\apple\Apple_232.jpg,Apple_232.jpg,apple,224,224
fruit_dataset\apple\Apple_233.png,Apple_233.png,apple,224,224
fruit_dataset\apple\Apple_234.png,Apple_234.png,apple,224,224
fruit_dataset\apple\Apple_235.png,Apple_235.png,apple,224,224
fruit_dataset\apple\Apple_236.png,Apple_236.png,apple,224,224
fruit_dataset\apple\Apple_237.jpg,Apple_237.jpg,apple,224,224
fruit_dataset\apple\Apple_238.jpg,Apple_238.jpg,apple,224,224
fruit_dataset\apple\Apple_239.png,Apple_239.png,apple,224,224
fruit_dataset\apple\Apple_24.jpg,Apple_24.jpg,apple,224,224
fruit_dataset\apple\Apple_240.jpg,Apple_240.jpg,apple,224,224
fruit_dataset\apple\Apple_241.jpg,Apple_241.jpg,apple,224,224
fruit_dataset\apple\Apple_242.jpg,Apple_242.jpg,apple,224,224
fruit_dataset\apple\Apple_243.jpg,Apple_243.jpg,apple,224,224
fruit_dataset\apple\Apple_244.jpg,Apple_244.jpg,apple,224,224
fruit_dataset\apple\Apple_245.jpg,Apple_245.jpg,apple,224,224
fruit_dataset\apple\Apple_246.jpg,Apple_246.jpg,apple,224,224
fruit_dataset\apple\Apple_247.jpg,Apple_247.jpg,apple,224,224
fruit_dataset\apple\Apple_248.jpg,Apple_248.jpg,apple,224,224
fruit_dataset\apple\Apple_249.jpg,Apple_249.jpg,apple,224,224
fruit_dataset\apple\Apple_25.jpg,Apple_25.jpg,apple,224,224
fruit_dataset\apple\Apple_250.jpg,Apple_250.jpg,apple,224,224
fruit_dataset\apple\Apple_251.jpg,Apple_251.jpg,apple,224,224
fruit_dataset\apple\Apple_252.jpg,Apple_252.jpg,apple,224,224
fruit_dataset\apple\Apple_253.jpg,Apple_253.jpg,apple,224,224
fruit_dataset\apple\Apple_254.jpg,Apple_254.jpg,apple,224,224
fruit_dataset\apple\Apple_255.png,Apple_255.png,apple,224,224
fruit_dataset\apple\Apple_256.jpg,Apple_256.jpg,apple,224,224
fruit_dataset\apple\Apple_257.jpg,Apple_257.jpg,apple,224,224
fruit_dataset\apple\Apple_258.jpg,Apple_258.jpg,apple,224,224
fruit_dataset\apple\Apple_259.jpg,Apple_259.jpg,apple,224,224
fruit_dataset\apple\Apple_26.jpg,Apple_26.jpg,apple,224,224
fruit_dataset\apple\Apple_260.jpg,Apple_260.jpg,apple,224,224
fruit_dataset\apple\Apple_261.jpg,Apple_261.jpg,apple,224,224
fruit_dataset\apple\Apple_262.jpg,Apple_262.jpg,apple,224,224
fruit_dataset\apple\Apple_263.jpg,Apple_263.jpg,apple,224,224
fruit_dataset\apple\Apple_264.jpg,Apple_264.jpg,apple,224,224
fruit_dataset\apple\Apple_265.jpg,Apple_265.jpg,apple,224,224
fruit_dataset\apple\Apple_266.jpg,Apple_266.jpg,apple,224,224
fruit_dataset\apple\Apple_267.jpg,Apple_267.jpg,apple,224,224
fruit_dataset\apple\Apple_268.jpg,Apple_268.jpg,apple,224,224
fruit_dataset\apple\Apple_269.jpg,Apple_269.jpg,apple,224,224
fruit_dataset\apple\Apple_27.jpg,Apple_27.jpg,apple,224,224
fruit_dataset\apple\Apple_270.jpg,Apple_270.jpg,apple,224,224
fruit_dataset\apple\Apple_271.jpg,Apple_271.jpg,apple,224,224
fruit_dataset\apple\Apple_272.jpg,Apple_272.jpg,apple,224,224
fruit_dataset\apple\Apple_273.jpg,Apple_273.jpg,apple,224,224
fruit_dataset\apple\Apple_274.jpg,Apple_274.jpg,apple,224,224
fruit_dataset\apple\Apple_275.jpg,Apple_275.jpg,apple,224,224
fruit_dataset\apple\Apple_276.jpg,Apple_276.jpg,apple,224,224
fruit_dataset\apple\Apple_277.jpg,Apple_277.jpg,apple,224,224
fruit_dataset\apple\Apple_278.jpg,Apple_278.jpg,apple,224,224
fruit_dataset\apple\Apple_279.jpg,Apple_279.jpg,apple,224,224
fruit_dataset\apple\Apple_28.jpg,Apple_28.jpg,apple,224,224
fruit_dataset\apple\Apple_280.jpg,Apple_280.jpg,apple,224,224
fruit_dataset\apple\Apple_281.jpg,Apple_281.jpg,apple,224,224
fruit_dataset\apple\Apple_282.png,Apple_282.png,apple,224,224
fruit_dataset\apple\Apple_283.jpg,Apple_283.jpg,apple,224,224
fruit_dataset\apple\Apple_284.jpg,Apple_284.jpg,apple,224,224
fruit_dataset\apple\Apple_285.jpg,Apple_285.jpg,apple,224,224
fruit_dataset\apple\Apple_286.jpg,Apple_286.jpg,apple,224,224
fruit_dataset\apple\Apple_287.jpg,Apple_287.jpg,apple,224,224
fruit_dataset\apple\Apple_288.jpg,Apple_288.jpg,apple,224,224
fruit_dataset\apple\Apple_289.jpg,Apple_289.jpg,apple,224,224
fruit_dataset\apple\Apple_29.jpg,Apple_29.jpg,apple,224,224
fruit_dataset\apple\Apple_290.jpg,Apple_290.jpg,apple,224,224
fruit_dataset\apple\Apple_291.jpg,Apple_291.jpg,apple,224,224
fruit_dataset\apple\Apple_292.jpg,Apple_292.jpg,apple,224,224
fruit_dataset\apple\Apple_293.jpg,Apple_293.jpg,apple,224,224
fruit_dataset\apple\Apple_294.jpg,Apple_294.jpg,apple,224,224
fruit_dataset\apple\Apple_295.jpg,Apple_295.jpg,apple,224,224
fruit_dataset\apple\Apple_296.png,Apple_296.png,apple,224,224
fruit_dataset\apple\Apple_297.jpg,Apple_297.jpg,apple,224,224
fruit_dataset\apple\Apple_298.jpg,Apple_298.jpg,apple,224,224
fruit_dataset\apple\Apple_299.jpg,Apple_299.jpg,apple,224,224
fruit_dataset\apple\Apple_3.jpeg,Apple_3.jpeg,apple,224,224
fruit_dataset\apple\Apple_30.jpg,Apple_30.jpg,apple,224,224
fruit_dataset\apple\Apple_300.jpg,Apple_300.jpg,apple,224,224
fruit_dataset\apple\Apple_301.jpg,Apple_301.jpg,apple,224,224
fruit_dataset\apple\Apple_302.jpg,Apple_302.jpg,apple,224,224
fruit_dataset\apple\Apple_303.jpg,Apple_303.jpg,apple,224,224
fruit_dataset\apple\Apple_304.jpg,Apple_304.jpg,apple,224,224
fruit_dataset\apple\Apple_305.jpg,Apple_305.jpg,apple,224,224
fruit_dataset\apple\Apple_306.jpg,Apple_306.jpg,apple,224,224
fruit_dataset\apple\Apple_307.jpg,Apple_307.jpg,apple,224,224
fruit_dataset\apple\Apple_308.jpg,Apple_308.jpg,apple,224,224
fruit_dataset\apple\Apple_309.jpg,Apple_309.jpg,apple,224,224
fruit_dataset\apple\Apple_31.jpg,Apple_31.jpg,apple,224,224
fruit_dataset\apple\Apple_310.jpg,Apple_310.jpg,apple,224,224
fruit_dataset\apple\Apple_311.jpg,Apple_311.jpg,apple,224,224
fruit_dataset\apple\Apple_312.jpg,Apple_312.jpg,apple,224,224
fruit_dataset\apple\Apple_313.jpeg,Apple_313.jpeg,apple,224,224
fruit_dataset\apple\Apple_314.jpg,Apple_314.jpg,apple,224,224
fruit_dataset\apple\Apple_315.jpeg,Apple_315.jpeg,apple,224,224
fruit_dataset\apple\Apple_316.jpg,Apple_316.jpg,apple,224,224
fruit_dataset\apple\Apple_317.jpg,Apple_317.jpg,apple,224,224
fruit_dataset\apple\Apple_318.jpg,Apple_318.jpg,apple,224,224
fruit_dataset\apple\Apple_319.jpg,Apple_319.jpg,apple,224,224
fruit_dataset\apple\Apple_32.jpg,Apple_32.jpg,apple,224,224
fruit_dataset\apple\Apple_320.jpg,Apple_320.jpg,apple,224,224
fruit_dataset\apple\Apple_321.jpg,Apple_321.jpg,apple,224,224
fruit_dataset\apple\Apple_322.jpg,Apple_322.jpg,apple,224,224
fruit_dataset\apple\Apple_323.jpeg,Apple_323.jpeg,apple,224,224
fruit_dataset\apple\Apple_324.jpg,Apple_324.jpg,apple,224,224
fruit_dataset\apple\Apple_325.jpg,Apple_325.jpg,apple,224,224
fruit_dataset\apple\Apple_326.jpg,Apple_326.jpg,apple,224,224
fruit_dataset\apple\Apple_327.jpg,Apple_327.jpg,apple,224,224
fruit_dataset\apple\Apple_328.jpg,Apple_328.jpg,apple,224,224
fruit_dataset\apple\Apple_329.jpg,Apple_329.jpg,apple,224,224
fruit_dataset\apple\Apple_33.jpg,Apple_33.jpg,apple,224,224
fruit_dataset\apple\Apple_330.jpg,Apple_330.jpg,apple,224,224
fruit_dataset\apple\Apple_331.jpg,Apple_331.jpg,apple,224,224
fruit_dataset\apple\Apple_332.jpg,Apple_332.jpg,apple,224,224
fruit_dataset\apple\Apple_333.jpg,Apple_333.jpg,apple,224,224
fruit_dataset\apple\Apple_334.jpg,Apple_334.jpg,apple,224,224
fruit_dataset\apple\Apple_335.jpg,Apple_335.jpg,apple,224,224
fruit_dataset\apple\Apple_336.jpg,Apple_336.jpg,apple,224,224
fruit_dataset\apple\Apple_337.jpg,Apple_337.jpg,apple,224,224
fruit_dataset\apple\Apple_338.jpg,Apple_338.jpg,apple,224,224
fruit_dataset\apple\Apple_339.jpg,Apple_339.jpg,apple,224,224
fruit_dataset\apple\Apple_34.jpg,Apple_34.jpg,apple,224,224
fruit_dataset\apple\Apple_340.jpg,Apple_340.jpg,apple,224,224
fruit_dataset\apple\Apple_341.jpg,Apple_341.jpg,apple,224,224
fruit_dataset\apple\Apple_342.jpg,Apple_342.jpg,apple,224,224
fruit_dataset\apple\Apple_343.jpg,Apple_343.jpg,apple,224,224
fruit_dataset\apple\Apple_344.jpg,Apple_344.jpg,apple,224,224
fruit_dataset\apple\Apple_345.jpg,Apple_345.jpg,apple,224,224
fruit_dataset\apple\Apple_346.jpg,Apple_346.jpg,apple,224,224
fruit_dataset\apple\Apple_347.jpg,Apple_347.jpg,apple,224,224
fruit_dataset\apple\Apple_348.jpg,Apple_348.jpg,apple,224,224
fruit_dataset\apple\Apple_349.jpg,Apple_349.jpg,apple,224,224
fruit_dataset\apple\Apple_35.jpg,Apple_35.jpg,apple,224,224
fruit_dataset\apple\Apple_350.jpg,Apple_350.jpg,apple,224,224
fruit_dataset\apple\Apple_351.jpg,Apple_351.jpg,apple,224,224
fruit_dataset\apple\Apple_352.jpg,Apple_352.jpg,apple,224,224
fruit_dataset\apple\Apple_353.jpg,Apple_353.jpg,apple,224,224
fruit_dataset\apple\Apple_354.jpg,Apple_354.jpg,apple,224,224
fruit_dataset\apple\Apple_355.jpg,Apple_355.jpg,apple,224,224
fruit_dataset\apple\Apple_356.jpg,Apple_356.jpg,apple,224,224
fruit_dataset\apple\Apple_357.jpg,Apple_357.jpg,apple,224,224
fruit_dataset\apple\Apple_358.jpeg,Apple_358.jpeg,apple,224,224
fruit_dataset\apple\Apple_359.jpeg,Apple_359.jpeg,apple,224,224
fruit_dataset\apple\Apple_36.jpg,Apple_36.jpg,apple,224,224
fruit_dataset\apple\Apple_360.jpg,Apple_360.jpg,apple,224,224
fruit_dataset\apple\Apple_361.jpg,Apple_361.jpg,apple,224,224
fruit_dataset\apple\Apple_362.jpg,Apple_362.jpg,apple,224,224
fruit_dataset\apple\Apple_363.jpg,Apple_363.jpg,apple,224,224
fruit_dataset\apple\Apple_364.jpg,Apple_364.jpg,apple,224,224
fruit_dataset\apple\Apple_365.jpg,Apple_365.jpg,apple,224,224
fruit_dataset\apple\Apple_366.jpg,Apple_366.jpg,apple,224,224
fruit_dataset\apple\Apple_367.jpg,Apple_367.jpg,apple,224,224
fruit_dataset\apple\Apple_368.jpg,Apple_368.jpg,apple,224,224
fruit_dataset\apple\Apple_369.jpg,Apple_369.jpg,apple,224,224
fruit_dataset\apple\Apple_37.jpg,Apple_37.jpg,apple,224,224
fruit_dataset\apple\Apple_370.jpg,Apple_370.jpg,apple,224,224
fruit_dataset\apple\Apple_371.jpg,Apple_371.jpg,apple,224,224
fruit_dataset\apple\Apple_372.jpg,Apple_372.jpg,apple,224,224
fruit_dataset\apple\Apple_373.jpg,Apple_373.jpg,apple,224,224
fruit_dataset\apple\Apple_374.jpg,Apple_374.jpg,apple,224,224
fruit_dataset\apple\Apple_375.jpg,Apple_375.jpg,apple,224,224
fruit_dataset\apple\Apple_376.jpeg,Apple_376.jpeg,apple,224,224
fruit_dataset\apple\Apple_377.jpg,Apple_377.jpg,apple,224,224
fruit_dataset\apple\Apple_378.png,Apple_378.png,apple,224,224
fruit_dataset\apple\Apple_379.jpg,Apple_379.jpg,apple,224,224
fruit_dataset\apple\Apple_38.jpg,Apple_38.jpg,apple,224,224
fruit_dataset\apple\Apple_380.png,Apple_380.png,apple,224,224
fruit_dataset\apple\Apple_381.jpg,Apple_381.jpg,apple,224,224
fruit_dataset\apple\Apple_382.jpg,Apple_382.jpg,apple,224,224
fruit_dataset\apple\Apple_383.jpg,Apple_383.jpg,apple,224,224
fruit_dataset\apple\Apple_384.png,Apple_384.png,apple,224,224
fruit_dataset\apple\Apple_385.jpg,Apple_385.jpg,apple,224,224
fruit_dataset\apple\Apple_386.jpg,Apple_386.jpg,apple,224,224
fruit_dataset\apple\Apple_387.jpg,Apple_387.jpg,apple,224,224
fruit_dataset\apple\Apple_388.jpg,Apple_388.jpg,apple,224,224
fruit_dataset\apple\Apple_389.jpg,Apple_389.jpg,apple,224,224
fruit_dataset\apple\Apple_39.jpg,Apple_39.jpg,apple,224,224
fruit_dataset\apple\Apple_390.jpg,Apple_390.jpg,apple,224,224
fruit_dataset\apple\Apple_391.jpg,Apple_391.jpg,apple,224,224
fruit_dataset\apple\Apple_392.jpg,Apple_392.jpg,apple,224,224
fruit_dataset\apple\Apple_393.jpg,Apple_393.jpg,apple,224,224
fruit_dataset\apple\Apple_394.jpg,Apple_394.jpg,apple,224,224
fruit_dataset\apple\Apple_395.jpg,Apple_395.jpg,apple,224,224
fruit_dataset\apple\Apple_396.jpg,Apple_396.jpg,apple,224,224
fruit_dataset\apple\Apple_397.jpg,Apple_397.jpg,apple,224,224
fruit_dataset\apple\Apple_398.jpg,Apple_398.jpg,apple,224,224
fruit_dataset\apple\Apple_399.jpg,Apple_399.jpg,apple,224,224
fruit_dataset\apple\Apple_4.jpg,Apple_4.jpg,apple,224,224
fruit_dataset\apple\Apple_40.jpeg,Apple_40.jpeg,apple,224,224
fruit_dataset\apple\Apple_400.jpg,Apple_400.jpg,apple,224,224
fruit_dataset\apple\Apple_401.jpg,Apple_401.jpg,apple,224,224
fruit_dataset\apple\Apple_402.jpg,Apple_402.jpg,apple,224,224
fruit_dataset\apple\Apple_403.jpg,Apple_403.jpg,apple,224,224
fruit_dataset\apple\Apple_404.jpg,Apple_404.jpg,apple,224,224
fruit_dataset\apple\Apple_405.jpg,Apple_405.jpg,apple,224,224
fruit_dataset\apple\Apple_406.jpg,Apple_406.jpg,apple,224,224
fruit_dataset\apple\Apple_407.jpg,Apple_407.jpg,apple,224,224
fruit_dataset\apple\Apple_408.jpg,Apple_408.jpg,apple,224,224
fruit_dataset\apple\Apple_409.jpg,Apple_409.jpg,apple,224,224
fruit_dataset\apple\Apple_41.jpeg,Apple_41.jpeg,apple,224,224
fruit_dataset\apple\Apple_410.jpg,Apple_410.jpg,apple,224,224
fruit_dataset\apple\Apple_411.jpg,Apple_411.jpg,apple,224,224
fruit_dataset\apple\Apple_412.jpg,Apple_412.jpg,apple,224,224
fruit_dataset\apple\Apple_413.jpg,Apple_413.jpg,apple,224,224
fruit_dataset\apple\Apple_414.jpg,Apple_414.jpg,apple,224,224
fruit_dataset\apple\Apple_415.jpg,Apple_415.jpg,apple,224,224
fruit_dataset\apple\Apple_416.jpg,Apple_416.jpg,apple,224,224
fruit_dataset\apple\Apple_417.jpg,Apple_417.jpg,apple,224,224
fruit_dataset\apple\Apple_418.jpg,Apple_418.jpg,apple,224,224
fruit_dataset\apple\Apple_419.png,Apple_419.png,apple,224,224
fruit_dataset\apple\Apple_42.jpg,Apple_42.jpg,apple,224,224
fruit_dataset\apple\Apple_420.png,Apple_420.png,apple,224,224
fruit_dataset\apple\Apple_421.png,Apple_421.png,apple,224,224
fruit_dataset\apple\Apple_422.jpg,Apple_422.jpg,apple,224,224
fruit_dataset\apple\Apple_423.jpg,Apple_423.jpg,apple,224,224
fruit_dataset\apple\Apple_424.jpg,Apple_424.jpg,apple,224,224
fruit_dataset\apple\Apple_425.jpg,Apple_425.jpg,apple,224,224
fruit_dataset\apple\Apple_426.jpg,Apple_426.jpg,apple,224,224
fruit_dataset\apple\Apple_427.jpg,Apple_427.jpg,apple,224,224
fruit_dataset\apple\Apple_428.jpg,Apple_428.jpg,apple,224,224
fruit_dataset\apple\Apple_429.jpg,Apple_429.jpg,apple,224,224
fruit_dataset\apple\Apple_43.jpg,Apple_43.jpg,apple,224,224
fruit_dataset\apple\Apple_430.jpg,Apple_430.jpg,apple,224,224
fruit_dataset\apple\Apple_431.jpg,Apple_431.jpg,apple,224,224
fruit_dataset\apple\Apple_432.jpg,Apple_432.jpg,apple,224,224
fruit_dataset\apple\Apple_433.jpg,Apple_433.jpg,apple,224,224
fruit_dataset\apple\Apple_434.jpg,Apple_434.jpg,apple,224,224
fruit_dataset\apple\Apple_435.jpg,Apple_435.jpg,apple,224,224
fruit_dataset\apple\Apple_436.jpg,Apple_436.jpg,apple,224,224
fruit_dataset\apple\Apple_437.jpg,Apple_437.jpg,apple,224,224
fruit_dataset\apple\Apple_438.jpg,Apple_438.jpg,apple,224,224
fruit_dataset\apple\Apple_439.jpg,Apple_439.jpg,apple,224,224
fruit_dataset\apple\Apple_44.jpg,Apple_44.jpg,apple,224,224
fruit_dataset\apple\Apple_440.jpg,Apple_440.jpg,apple,224,224
fruit_dataset\apple\Apple_441.jpg,Apple_441.jpg,apple,224,224
fruit_dataset\apple\Apple_442.jpg,Apple_442.jpg,apple,224,224
fruit_dataset\apple\Apple_443.jpg,Apple_443.jpg,apple,224,224
fruit_dataset\apple\Apple_444.jpg,Apple_444.jpg,apple,224,224
fruit_dataset\apple\Apple_445.jpg,Apple_445.jpg,apple,224,224
fruit_dataset\apple\Apple_446.jpg,Apple_446.jpg,apple,224,224
fruit_dataset\apple\Apple_447.jpg,Apple_447.jpg,apple,224,224
fruit_dataset\apple\Apple_448.jpg,Apple_448.jpg,apple,224,224
fruit_dataset\apple\Apple_449.jpg,Apple_449.jpg,apple,224,224
fruit_dataset\apple\Apple_45.jpg,Apple_45.jpg,apple,224,224
fruit_dataset\apple\Apple_450.jpg,Apple_450.jpg,apple,224,224
fruit_dataset\apple\Apple_451.jpg,Apple_451.jpg,apple,224,224
fruit_dataset\apple\Apple_452.jpg,Apple_452.jpg,apple,224,224
fruit_dataset\apple\Apple_453.jpg,Apple_453.jpg,apple,224,224
fruit_dataset\apple\Apple_454.jpg,Apple_454.jpg,apple,224,224
fruit_dataset\apple\Apple_455.jpg,Apple_455.jpg,apple,224,224
fruit_dataset\apple\Apple_456.jpg,Apple_456.jpg,apple,224,224
fruit_dataset\apple\Apple_457.jpg,Apple_457.jpg,apple,224,224
fruit_dataset\apple\Apple_458.jpg,Apple_458.jpg,apple,224,224
fruit_dataset\apple\Apple_459.jpg,Apple_459.jpg,apple,224,224
fruit_dataset\apple\Apple_46.png,Apple_46.png,apple,224,224
fruit_dataset\apple\Apple_460.jpg,Apple_460.jpg,apple,224,224
fruit_dataset\apple\Apple_461.jpg,Apple_461.jpg,apple,224,224
fruit_dataset\apple\Apple_462.jpg,Apple_462.jpg,apple,224,224
fruit_dataset\apple\Apple_463.jpg,Apple_463.jpg,apple,224,224
fruit_dataset\apple\Apple_464.jpg,Apple_464.jpg,apple,224,224
fruit_dataset\apple\Apple_465.jpeg,Apple_465.jpeg,apple,224,224
fruit_dataset\apple\Apple_466.jpg,Apple_466.jpg,apple,224,224
fruit_dataset\apple\Apple_467.jpg,Apple_467.jpg,apple,224,224
fruit_dataset\apple\Apple_468.jpg,Apple_468.jpg,apple,224,224
fruit_dataset\apple\Apple_469.jpg,Apple_469.jpg,apple,224,224
fruit_dataset\apple\Apple_47.jpg,Apple_47.jpg,apple,224,224
fruit_dataset\apple\Apple_470.jpg,Apple_470.jpg,apple,224,224
fruit_dataset\apple\Apple_471.jpg,Apple_471.jpg,apple,224,224
fruit_dataset\apple\Apple_472.jpg,Apple_472.jpg,apple,224,224
fruit_dataset\apple\Apple_473.jpg,Apple_473.jpg,apple,224,224
fruit_dataset\apple\Apple_474.jpg,Apple_474.jpg,apple,224,224
fruit_dataset\apple\Apple_475.jpg,Apple_475.jpg,apple,224,224
fruit_dataset\apple\Apple_476.jpg,Apple_476.jpg,apple,224,224
fruit_dataset\apple\Apple_477.jpg,Apple_477.jpg,apple,224,224
fruit_dataset\apple\Apple_478.jpg,Apple_478.jpg,apple,224,224
fruit_dataset\apple\Apple_479.jpg,Apple_479.jpg,apple,224,224
fruit_dataset\apple\Apple_48.png,Apple_48.png,apple,224,224
fruit_dataset\apple\Apple_480.jpg,Apple_480.jpg,apple,224,224
fruit_dataset\apple\Apple_481.jpg,Apple_481.jpg,apple,224,224
fruit_dataset\apple\Apple_482.jpg,Apple_482.jpg,apple,224,224
fruit_dataset\apple\Apple_483.jpg,Apple_483.jpg,apple,224,224
fruit_dataset\apple\Apple_484.jpg,Apple_484.jpg,apple,224,224
fruit_dataset\apple\Apple_485.jpg,Apple_485.jpg,apple,224,224
fruit_dataset\apple\Apple_486.jpg,Apple_486.jpg,apple,224,224
fruit_dataset\apple\Apple_487.jpg,Apple_487.jpg,apple,224,224
fruit_dataset\apple\Apple_488.jpg,Apple_488.jpg,apple,224,224
fruit_dataset\apple\Apple_489.jpg,Apple_489.jpg,apple,224,224
fruit_dataset\apple\Apple_49.jpg,Apple_49.jpg,apple,224,224
fruit_dataset\apple\Apple_490.jpg,Apple_490.jpg,apple,224,224
fruit_dataset\apple\Apple_491.jpg,Apple_491.jpg,apple,224,224
fruit_dataset\apple\Apple_492.jpg,Apple_492.jpg,apple,224,224
fruit_dataset\apple\Apple_493.jpg,Apple_493.jpg,apple,224,224
fruit_dataset\apple\Apple_494.jpg,Apple_494.jpg,apple,224,224
fruit_dataset\apple\Apple_495.jpg,Apple_495.jpg,apple,224,224
fruit_dataset\apple\Apple_496.jpg,Apple_496.jpg,apple,224,224
fruit_dataset\apple\Apple_497.jpg,Apple_497.jpg,apple,224,224
fruit_dataset\apple\Apple_498.jpg,Apple_498.jpg,apple,224,224
fruit_dataset\apple\Apple_499.jpg,Apple_499.jpg,apple,224,224
fruit_dataset\apple\Apple_5.jpg,Apple_5.jpg,apple,224,224
fruit_dataset\apple\Apple_50.jpg,Apple_50.jpg,apple,224,224
fruit_dataset\apple\Apple_500.jpg,Apple_500.jpg,apple,224,224
fruit_dataset\apple\Apple_501.jpg,Apple_501.jpg,apple,224,224
fruit_dataset\apple\Apple_502.jpg,Apple_502.jpg,apple,224,224
fruit_dataset\apple\Apple_503.jpg,Apple_503.jpg,apple,224,224
fruit_dataset\apple\Apple_504.jpg,Apple_504.jpg,apple,224,224
fruit_dataset\apple\Apple_505.jpg,Apple_505.jpg,apple,224,224
fruit_dataset\apple\Apple_506.jpg,Apple_506.jpg,apple,224,224
fruit_dataset\apple\Apple_507.jpg,Apple_507.jpg,apple,224,224
fruit_dataset\apple\Apple_508.jpg,Apple_508.jpg,apple,224,224
fruit_dataset\apple\Apple_509.jpg,Apple_509.jpg,apple,224,224
fruit_dataset\apple\Apple_51.png,Apple_51.png,apple,224,224
fruit_dataset\apple\Apple_510.jpg,Apple_510.jpg,apple,224,224
fruit_dataset\apple\Apple_511.jpg,Apple_511.jpg,apple,224,224
fruit_dataset\apple\Apple_512.jpg,Apple_512.jpg,apple,224,224
fruit_dataset\apple\Apple_513.jpg,Apple_513.jpg,apple,224,224
fruit_dataset\apple\Apple_514.jpg,Apple_514.jpg,apple,224,224
fruit_dataset\apple\Apple_515.jpg,Apple_515.jpg,apple,224,224
fruit_dataset\apple\Apple_516.jpg,Apple_516.jpg,apple,224,224
fruit_dataset\apple\Apple_517.jpg,Apple_517.jpg,apple,224,224
fruit_dataset\apple\Apple_518.jpg,Apple_518.jpg,apple,224,224
fruit_dataset\apple\Apple_519.jpg,Apple_519.jpg,apple,224,224
fruit_dataset\apple\Apple_52.jpg,Apple_52.jpg,apple,224,224
fruit_dataset\apple\Apple_520.jpg,Apple_520.jpg,apple,224,224
fruit_dataset\apple\Apple_521.jpg,Apple_521.jpg,apple,224,224
fruit_dataset\apple\Apple_522.jpg,Apple_522.jpg,apple,224,224
fruit_dataset\apple\Apple_523.jpg,Apple_523.jpg,apple,224,224
fruit_dataset\apple\Apple_524.jpeg,Apple_524.jpeg,apple,224,224
fruit_dataset\apple\Apple_525.jpg,Apple_525.jpg,apple,224,224
fruit_dataset\apple\Apple_526.jpg,Apple_526.jpg,apple,224,224
fruit_dataset\apple\Apple_527.jpg,Apple_527.jpg,apple,224,224
fruit_dataset\apple\Apple_528.jpg,Apple_528.jpg,apple,224,224
fruit_dataset\apple\Apple_529.jpg,Apple_529.jpg,apple,224,224
fruit_dataset\apple\Apple_53.jpg,Apple_53.jpg,apple,224,224
fruit_dataset\apple\Apple_530.jpg,Apple_530.jpg,apple,224,224
fruit_dataset\apple\Apple_531.jpg,Apple_531.jpg,apple,224,224
fruit_dataset\apple\Apple_532.jpg,Apple_532.jpg,apple,224,224
fruit_dataset\apple\Apple_533.png,Apple_533.png,apple,224,224
fruit_dataset\apple\Apple_534.jpg,Apple_534.jpg,apple,224,224
fruit_dataset\apple\Apple_535.jpg,Apple_535.jpg,apple,224,224
fruit_dataset\apple\Apple_536.jpeg,Apple_536.jpeg,apple,224,224
fruit_dataset\apple\Apple_537.jpg,Apple_537.jpg,apple,224,224
fruit_dataset\apple\Apple_538.jpg,Apple_538.jpg,apple,224,224
fruit_dataset\apple\Apple_539.jpg,Apple_539.jpg,apple,224,224
fruit_dataset\apple\Apple_54.jpg,Apple_54.jpg,apple,224,224
fruit_dataset\apple\Apple_540.jpg,Apple_540.jpg,apple,224,224
fruit_dataset\apple\Apple_541.jpg,Apple_541.jpg,apple,224,224
fruit_dataset\apple\Apple_542.jpg,Apple_542.jpg,apple,224,224
fruit_dataset\apple\Apple_543.jpg,Apple_543.jpg,apple,224,224
fruit_dataset\apple\Apple_544.jpg,Apple_544.jpg,apple,224,224
fruit_dataset\apple\Apple_545.jpg,Apple_545.jpg,apple,224,224
fruit_dataset\apple\Apple_546.jpg,Apple_546.jpg,apple,224,224
fruit_dataset\apple\Apple_547.jpg,Apple_547.jpg,apple,224,224
fruit_dataset\apple\Apple_548.png,Apple_548.png,apple,224,224
fruit_dataset\apple\Apple_549.png,Apple_549.png,apple,224,224
fruit_dataset\apple\Apple_55.jpg,Apple_55.jpg,apple,224,224
fruit_dataset\apple\Apple_550.jpg,Apple_550.jpg,apple,224,224
fruit_dataset\apple\Apple_551.jpg,Apple_551.jpg,apple,224,224
fruit_dataset\apple\Apple_552.jpg,Apple_552.jpg,apple,224,224
fruit_dataset\apple\Apple_553.jpg,Apple_553.jpg,apple,224,224
fruit_dataset\apple\Apple_554.jpg,Apple_554.jpg,apple,224,224
fruit_dataset\apple\Apple_555.jpg,Apple_555.jpg,apple,224,224
fruit_dataset\apple\Apple_556.jpg,Apple_556.jpg,apple,224,224
fruit_dataset\apple\Apple_557.jpg,Apple_557.jpg,apple,224,224
fruit_dataset\apple\Apple_558.jpg,Apple_558.jpg,apple,224,224
fruit_dataset\apple\Apple_559.jpg,Apple_559.jpg,apple,224,224
fruit_dataset\apple\Apple_56.jpg,Apple_56.jpg,apple,224,224
fruit_dataset\apple\Apple_560.jpg,Apple_560.jpg,apple,224,224
fruit_dataset\apple\Apple_561.jpg,Apple_561.jpg,apple,224,224
fruit_dataset\apple\Apple_562.jpg,Apple_562.jpg,apple,224,224
fruit_dataset\apple\Apple_563.jpg,Apple_563.jpg,apple,224,224
fruit_dataset\apple\Apple_564.jpg,Apple_564.jpg,apple,224,224
fruit_dataset\apple\Apple_565.jpg,Apple_565.jpg,apple,224,224
fruit_dataset\apple\Apple_566.jpg,Apple_566.jpg,apple,224,224
fruit_dataset\apple\Apple_567.jpg,Apple_567.jpg,apple,224,224
fruit_dataset\apple\Apple_568.jpg,Apple_568.jpg,apple,224,224
fruit_dataset\apple\Apple_569.jpg,Apple_569.jpg,apple,224,224
fruit_dataset\apple\Apple_57.jpg,Apple_57.jpg,apple,224,224
fruit_dataset\apple\Apple_570.jpg,Apple_570.jpg,apple,224,224
fruit_dataset\apple\Apple_571.jpg,Apple_571.jpg,apple,224,224
fruit_dataset\apple\Apple_572.jpeg,Apple_572.jpeg,apple,224,224
fruit_dataset\apple\Apple_573.jpg,Apple_573.jpg,apple,224,224
fruit_dataset\apple\Apple_574.jpg,Apple_574.jpg,apple,224,224
fruit_dataset\apple\Apple_575.jpg,Apple_575.jpg,apple,224,224
fruit_dataset\apple\Apple_576.png,Apple_576.png,apple,224,224
fruit_dataset\apple\Apple_577.jpg,Apple_577.jpg,apple,224,224
fruit_dataset\apple\Apple_578.jpg,Apple_578.jpg,apple,224,224
fruit_dataset\apple\Apple_579.jpg,Apple_579.jpg,apple,224,224
fruit_dataset\apple\Apple_58.jpg,Apple_58.jpg,apple,224,224
fruit_dataset\apple\Apple_580.jpg,Apple_580.jpg,apple,224,224
fruit_dataset\apple\Apple_581.jpg,Apple_581.jpg,apple,224,224
fruit_dataset\apple\Apple_582.jpg,Apple_582.jpg,apple,224,224
fruit_dataset\apple\Apple_583.jpg,Apple_583.jpg,apple,224,224
fruit_dataset\apple\Apple_584.jpg,Apple_584.jpg,apple,224,224
fruit_dataset\apple\Apple_585.jpg,Apple_585.jpg,apple,224,224
fruit_dataset\apple\Apple_586.jpg,Apple_586.jpg,apple,224,224
fruit_dataset\apple\Apple_587.jpg,Apple_587.jpg,apple,224,224
fruit_dataset\apple\Apple_588.jpg,Apple_588.jpg,apple,224,224
fruit_dataset\apple\Apple_589.jpg,Apple_589.jpg,apple,224,224
fruit_dataset\apple\Apple_59.jpeg,Apple_59.jpeg,apple,224,224
fruit_dataset\apple\Apple_590.jpg,Apple_590.jpg,apple,224,224
fruit_dataset\apple\Apple_591.jpg,Apple_591.jpg,apple,224,224
fruit_dataset\apple\Apple_592.jpg,Apple_592.jpg,apple,224,224
fruit_dataset\apple\Apple_593.jpg,Apple_593.jpg,apple,224,224
fruit_dataset\apple\Apple_594.jpg,Apple_594.jpg,apple,224,224
fruit_dataset\apple\Apple_595.jpg,Apple_595.jpg,apple,224,224
fruit_dataset\apple\Apple_596.jpg,Apple_596.jpg,apple,224,224
fruit_dataset\apple\Apple_597.jpg,Apple_597.jpg,apple,224,224
fruit_dataset\apple\Apple_598.jpg,Apple_598.jpg,apple,224,224
fruit_dataset\apple\Apple_599.jpg,Apple_599.jpg,apple,224,224
fruit_dataset\apple\Apple_6.jpg,Apple_6.jpg,apple,224,224
fruit_dataset\apple\Apple_60.jpg,Apple_60.jpg,apple,224,224
fruit_dataset\apple\Apple_600.jpg,Apple_600.jpg,apple,224,224
fruit_dataset\apple\Apple_601.jpg,Apple_601.jpg,apple,224,224
fruit_dataset\apple\Apple_602.jpg,Apple_602.jpg,apple,224,224
fruit_dataset\apple\Apple_603.jpg,Apple_603.jpg,apple,224,224
fruit_dataset\apple\Apple_604.jpg,Apple_604.jpg,apple,224,224
fruit_dataset\apple\Apple_605.jpg,Apple_605.jpg,apple,224,224
fruit_dataset\apple\Apple_606.jpg,Apple_606.jpg,apple,224,224
fruit_dataset\apple\Apple_607.jpg,Apple_607.jpg,apple,224,224
fruit_dataset\apple\Apple_608.jpg,Apple_608.jpg,apple,224,224
fruit_dataset\apple\Apple_609.jpg,Apple_609.jpg,apple,224,224
fruit_dataset\apple\Apple_61.jpg,Apple_61.jpg,apple,224,224
fruit_dataset\apple\Apple_610.jpg,Apple_610.jpg,apple,224,224
fruit_dataset\apple\Apple_611.jpg,Apple_611.jpg,apple,224,224
fruit_dataset\apple\Apple_612.jpg,Apple_612.jpg,apple,224,224
fruit_dataset\apple\Apple_613.jpg,Apple_613.jpg,apple,224,224
fruit_dataset\apple\Apple_614.jpg,Apple_614.jpg,apple,224,224
fruit_dataset\apple\Apple_615.jpg,Apple_615.jpg,apple,224,224
fruit_dataset\apple\Apple_616.jpg,Apple_616.jpg,apple,224,224
fruit_dataset\apple\Apple_617.jpg,Apple_617.jpg,apple,224,224
fruit_dataset\apple\Apple_618.jpg,Apple_618.jpg,apple,224,224
fruit_dataset\apple\Apple_619.jpg,Apple_619.jpg,apple,224,224
fruit_dataset\apple\Apple_62.jpeg,Apple_62.jpeg,apple,224,224
fruit_dataset\apple\Apple_620.jpg,Apple_620.jpg,apple,224,224
fruit_dataset\apple\Apple_621.png,Apple_621.png,apple,224,224
fruit_dataset\apple\Apple_622.jpg,Apple_622.jpg,apple,224,224
fruit_dataset\apple\Apple_623.jpg,Apple_623.jpg,apple,224,224
fruit_dataset\apple\Apple_624.jpg,Apple_624.jpg,apple,224,224
fruit_dataset\apple\Apple_625.jpg,Apple_625.jpg,apple,224,224
fruit_dataset\apple\Apple_626.jpg,Apple_626.jpg,apple,224,224
fruit_dataset\apple\Apple_627.jpg,Apple_627.jpg,apple,224,224
fruit_dataset\apple\Apple_628.jpg,Apple_628.jpg,apple,224,224
fruit_dataset\apple\Apple_629.jpg,Apple_629.jpg,apple,224,224
fruit_dataset\apple\Apple_63.jpg,Apple_63.jpg,apple,224,224
fruit_dataset\apple\Apple_630.jpg,Apple_630.jpg,apple,224,224
fruit_dataset\apple\Apple_631.jpg,Apple_631.jpg,apple,224,224
fruit_dataset\apple\Apple_632.jpg,Apple_632.jpg,apple,224,224
fruit_dataset\apple\Apple_633.jpg,Apple_633.jpg,apple,224,224
fruit_dataset\apple\Apple_634.jpg,Apple_634.jpg,apple,224,224
fruit_dataset\apple\Apple_635.jpg,Apple_635.jpg,apple,224,224
fruit_dataset\apple\Apple_636.jpg,Apple_636.jpg,apple,224,224
fruit_dataset\apple\Apple_637.jpg,Apple_637.jpg,apple,224,224
fruit_dataset\apple\Apple_638.jpg,Apple_638.jpg,apple,224,224
fruit_dataset\apple\Apple_639.jpg,Apple_639.jpg,apple,224,224
fruit_dataset\apple\Apple_64.jpg,Apple_64.jpg,apple,224,224
fruit_dataset\apple\Apple_640.jpg,Apple_640.jpg,apple,224,224
fruit_dataset\apple\Apple_641.jpg,Apple_641.jpg,apple,224,224
fruit_dataset\apple\Apple_642.jpg,Apple_642.jpg,apple,224,224
fruit_dataset\apple\Apple_643.jpg,Apple_643.jpg,apple,224,224
fruit_dataset\apple\Apple_644.jpg,Apple_644.jpg,apple,224,224
fruit_dataset\apple\Apple_645.jpg,Apple_645.jpg,apple,224,224
fruit_dataset\apple\Apple_646.jpg,Apple_646.jpg,apple,224,224
fruit_dataset\apple\Apple_647.jpg,Apple_647.jpg,apple,224,224
fruit_dataset\apple\Apple_648.jpg,Apple_648.jpg,apple,224,224
fruit_dataset\apple\Apple_649.jpg,Apple_649.jpg,apple,224,224
fruit_dataset\apple\Apple_65.jpg,Apple_65.jpg,apple,224,224
fruit_dataset\apple\Apple_650.jpg,Apple_650.jpg,apple,224,224
fruit_dataset\apple\Apple_651.jpg,Apple_651.jpg,apple,224,224
fruit_dataset\apple\Apple_652.jpg,Apple_652.jpg,apple,224,224
fruit_dataset\apple\Apple_653.jpg,Apple_653.jpg,apple,224,224
fruit_dataset\apple\Apple_654.jpg,Apple_654.jpg,apple,224,224
fruit_dataset\apple\Apple_655.jpeg,Apple_655.jpeg,apple,224,224
fruit_dataset\apple\Apple_656.jpg,Apple_656.jpg,apple,224,224
fruit_dataset\apple\Apple_657.jpg,Apple_657.jpg,apple,224,224
fruit_dataset\apple\Apple_658.jpg,Apple_658.jpg,apple,224,224
fruit_dataset\apple\Apple_659.jpg,Apple_659.jpg,apple,224,224
fruit_dataset\apple\Apple_66.jpg,Apple_66.jpg,apple,224,224
fruit_dataset\apple\Apple_660.jpg,Apple_660.jpg,apple,224,224
fruit_dataset\apple\Apple_661.jpg,Apple_661.jpg,apple,224,224
fruit_dataset\apple\Apple_662.jpg,Apple_662.jpg,apple,224,224
fruit_dataset\apple\Apple_663.jpg,Apple_663.jpg,apple,224,224
fruit_dataset\apple\Apple_664.jpg,Apple_664.jpg,apple,224,224
fruit_dataset\apple\Apple_665.jpg,Apple_665.jpg,apple,224,224
fruit_dataset\apple\Apple_666.jpg,Apple_666.jpg,apple,224,224
fruit_dataset\apple\Apple_667.jpg,Apple_667.jpg,apple,224,224
fruit_dataset\apple\Apple_668.jpg,Apple_668.jpg,apple,224,224
fruit_dataset\apple\Apple_669.jpg,Apple_669.jpg,apple,224,224
fruit_dataset\apple\Apple_67.jpg,Apple_67.jpg,apple,224,224
fruit_dataset\apple\Apple_670.jpg,Apple_670.jpg,apple,224,224
fruit_dataset\apple\Apple_671.jpg,Apple_671.jpg,apple,224,224
fruit_dataset\apple\Apple_672.jpg,Apple_672.jpg,apple,224,224
fruit_dataset\apple\Apple_673.jpg,Apple_673.jpg,apple,224,224
fruit_dataset\apple\Apple_674.jpg,Apple_674.jpg,apple,224,224
fruit_dataset\apple\Apple_675.jpg,Apple_675.jpg,apple,224,224
fruit_dataset\apple\Apple_676.jpg,Apple_676.jpg,apple,224,224
fruit_dataset\apple\Apple_677.jpg,Apple_677.jpg,apple,224,224
fruit_dataset\apple\Apple_678.jpg,Apple_678.jpg,apple,224,224
fruit_dataset\apple\Apple_679.jpg,Apple_679.jpg,apple,224,224
fruit_dataset\apple\Apple_68.jpg,Apple_68.jpg,apple,224,224
fruit_dataset\apple\Apple_680.jpg,Apple_680.jpg,apple,224,224
fruit_dataset\apple\Apple_681.jpg,Apple_681.jpg,apple,224,224
fruit_dataset\apple\Apple_682.jpg,Apple_682.jpg,apple,224,224
fruit_dataset\apple\Apple_683.jpg,Apple_683.jpg,apple,224,224
fruit_dataset\apple\Apple_684.jpg,Apple_684.jpg,apple,224,224
fruit_dataset\apple\Apple_685.jpg,Apple_685.jpg,apple,224,224
fruit_dataset\apple\Apple_686.jpg,Apple_686.jpg,apple,224,224
fruit_dataset\apple\Apple_687.jpg,Apple_687.jpg,apple,224,224
fruit_dataset\apple\Apple_688.jpg,Apple_688.jpg,apple,224,224
fruit_dataset\apple\Apple_689.jpg,Apple_689.jpg,apple,224,224
fruit_dataset\apple\Apple_69.jpg,Apple_69.jpg,apple,224,224
fruit_dataset\apple\Apple_690.jpg,Apple_690.jpg,apple,224,224
fruit_dataset\apple\Apple_691.jpg,Apple_691.jpg,apple,224,224
fruit_dataset\apple\Apple_692.jpg,Apple_692.jpg,apple,224,224
fruit_dataset\apple\Apple_693.jpg,Apple_693.jpg,apple,224,224
fruit_dataset\apple\Apple_694.jpg,Apple_694.jpg,apple,224,224
fruit_dataset\apple\Apple_695.jpg,Apple_695.jpg,apple,224,224
fruit_dataset\apple\Apple_696.jpg,Apple_696.jpg,apple,224,224
fruit_dataset\apple\Apple_697.jpg,Apple_697.jpg,apple,224,224
fruit_dataset\apple\Apple_698.jpg,Apple_698.jpg,apple,224,224
fruit_dataset\apple\Apple_699.jpg,Apple_699.jpg,apple,224,224
fruit_dataset\apple\Apple_7.jpg,Apple_7.jpg,apple,224,224
fruit_dataset\apple\Apple_70.jpg,Apple_70.jpg,apple,224,224
fruit_dataset\apple\Apple_700.jpg,Apple_700.jpg,apple,224,224
fruit_dataset\apple\Apple_701.jpg,Apple_701.jpg,apple,224,224
fruit_dataset\apple\Apple_702.jpg,Apple_702.jpg,apple,224,224
fruit_dataset\apple\Apple_703.jpg,Apple_703.jpg,apple,224,224
fruit_dataset\apple\Apple_704.jpg,Apple_704.jpg,apple,224,224
fruit_dataset\apple\Apple_705.jpg,Apple_705.jpg,apple,224,224
fruit_dataset\apple\Apple_706.jpg,Apple_706.jpg,apple,224,224
fruit_dataset\apple\Apple_707.jpg,Apple_707.jpg,apple,224,224
fruit_dataset\apple\Apple_708.jpg,Apple_708.jpg,apple,224,224
fruit_dataset\apple\Apple_709.jpg,Apple_709.jpg,apple,224,224
fruit_dataset\apple\Apple_71.jpeg,Apple_71.jpeg,apple,224,224
fruit_dataset\apple\Apple_710.jpg,Apple_710.jpg,apple,224,224
fruit_dataset\apple\Apple_711.jpg,Apple_711.jpg,apple,224,224
fruit_dataset\apple\Apple_712.jpg,Apple_712.jpg,apple,224,224
fruit_dataset\apple\Apple_713.jpg,Apple_713.jpg,apple,224,224
fruit_dataset\apple\Apple_714.jpg,Apple_714.jpg,apple,224,224
fruit_dataset\apple\Apple_715.jpg,Apple_715.jpg,apple,224,224
fruit_dataset\apple\Apple_716.jpg,Apple_716.jpg,apple,224,224
fruit_dataset\apple\Apple_717.jpg,Apple_717.jpg,apple,224,224
fruit_dataset\apple\Apple_718.jpg,Apple_718.jpg,apple,224,224
fruit_dataset\apple\Apple_719.jpg,Apple_719.jpg,apple,224,224
fruit_dataset\apple\Apple_72.jpg,Apple_72.jpg,apple,224,224
fruit_dataset\apple\Apple_720.jpg,Apple_720.jpg,apple,224,224
fruit_dataset\apple\Apple_721.jpg,Apple_721.jpg,apple,224,224
fruit_dataset\apple\Apple_722.jpg,Apple_722.jpg,apple,224,224
fruit_dataset\apple\Apple_723.jpg,Apple_723.jpg,apple,224,224
fruit_dataset\apple\Apple_724.jpg,Apple_724.jpg,apple,224,224
fruit_dataset\apple\Apple_725.jpg,Apple_725.jpg,apple,224,224
fruit_dataset\apple\Apple_726.jpg,Apple_726.jpg,apple,224,224
fruit_dataset\apple\Apple_727.jpg,Apple_727.jpg,apple,224,224
fruit_dataset\apple\Apple_728.jpg,Apple_728.jpg,apple,224,224
fruit_dataset\apple\Apple_729.jpg,Apple_729.jpg,apple,224,224
fruit_dataset\apple\Apple_73.jpg,Apple_73.jpg,apple,224,224
fruit_dataset\apple\Apple_730.jpg,Apple_730.jpg,apple,224,224
fruit_dataset\apple\Apple_731.jpg,Apple_731.jpg,apple,224,224
fruit_dataset\apple\Apple_732.jpg,Apple_732.jpg,apple,224,224
fruit_dataset\apple\Apple_733.jpg,Apple_733.jpg,apple,224,224
fruit_dataset\apple\Apple_734.jpg,Apple_734.jpg,apple,224,224
fruit_dataset\apple\Apple_735.jpg,Apple_735.jpg,apple,224,224
fruit_dataset\apple\Apple_736.jpg,Apple_736.jpg,apple,224,224
fruit_dataset\apple\Apple_737.jpg,Apple_737.jpg,apple,224,224
fruit_dataset\apple\Apple_738.jpg,Apple_738.jpg,apple,224,224
fruit_dataset\apple\Apple_739.jpg,Apple_739.jpg,apple,224,224
fruit_dataset\apple\Apple_74.jpg,Apple_74.jpg,apple,224,224
fruit_dataset\apple\Apple_740.jpg,Apple_740.jpg,apple,224,224
fruit_dataset\apple\Apple_741.png,Apple_741.png,apple,224,224
fruit_dataset\apple\Apple_742.jpg,Apple_742.jpg,apple,224,224
fruit_dataset\apple\Apple_743.jpg,Apple_743.jpg,apple,224,224
fruit_dataset\apple\Apple_744.jpg,Apple_744.jpg,apple,224,224
fruit_dataset\apple\Apple_745.jpg,Apple_745.jpg,apple,224,224
fruit_dataset\apple\Apple_746.jpg,Apple_746.jpg,apple,224,224
fruit_dataset\apple\Apple_747.jpg,Apple_747.jpg,apple,224,224
fruit_dataset\apple\Apple_748.jpg,Apple_748.jpg,apple,224,224
fruit_dataset\apple\Apple_749.jpg,Apple_749.jpg,apple,224,224
fruit_dataset\apple\Apple_75.jpg,Apple_75.jpg,apple,224,224
fruit_dataset\apple\Apple_750.jpg,Apple_750.jpg,apple,224,224
fruit_dataset\apple\Apple_751.jpg,Apple_751.jpg,apple,224,224
fruit_dataset\apple\Apple_752.jpg,Apple_752.jpg,apple,224,224
fruit_dataset\apple\Apple_753.jpg,Apple_753.jpg,apple,224,224
fruit_dataset\apple\Apple_754.jpg,Apple_754.jpg,apple,224,224
fruit_dataset\apple\Apple_755.jpg,Apple_755.jpg,apple,224,224
fruit_dataset\apple\Apple_756.jpg,Apple_756.jpg,apple,224,224
fruit_dataset\apple\Apple_757.jpg,Apple_757.jpg,apple,224,224
fruit_dataset\apple\Apple_758.jpg,Apple_758.jpg,apple,224,224
fruit_dataset\apple\Apple_759.jpg,Apple_759.jpg,apple,224,224
fruit_dataset\apple\Apple_76.jpg,Apple_76.jpg,apple,224,224
fruit_dataset\apple\Apple_760.jpg,Apple_760.jpg,apple,224,224
fruit_dataset\apple\Apple_761.jpg,Apple_761.jpg,apple,224,224
fruit_dataset\apple\Apple_762.jpg,Apple_762.jpg,apple,224,224
fruit_dataset\apple\Apple_763.jpg,Apple_763.jpg,apple,224,224
fruit_dataset\apple\Apple_764.jpg,Apple_764.jpg,apple,224,224
fruit_dataset\apple\Apple_765.jpg,Apple_765.jpg,apple,224,224
fruit_dataset\apple\Apple_766.jpg,Apple_766.jpg,apple,224,224
fruit_dataset\apple\Apple_767.jpg,Apple_767.jpg,apple,224,224
fruit_dataset\apple\Apple_768.jpg,Apple_768.jpg,apple,224,224
fruit_dataset\apple\Apple_769.jpg,Apple_769.jpg,apple,224,224
fruit_dataset\apple\Apple_77.jpg,Apple_77.jpg,apple,224,224
fruit_dataset\apple\Apple_770.png,Apple_770.png,apple,224,224
fruit_dataset\apple\Apple_771.jpg,Apple_771.jpg,apple,224,224
fruit_dataset\apple\Apple_772.jpg,Apple_772.jpg,apple,224,224
fruit_dataset\apple\Apple_773.jpg,Apple_773.jpg,apple,224,224
fruit_dataset\apple\Apple_774.jpg,Apple_774.jpg,apple,224,224
fruit_dataset\apple\Apple_775.jpg,Apple_775.jpg,apple,224,224
fruit_dataset\apple\Apple_776.jpg,Apple_776.jpg,apple,224,224
fruit_dataset\apple\Apple_777.jpg,Apple_777.jpg,apple,224,224
fruit_dataset\apple\Apple_778.jpg,Apple_778.jpg,apple,224,224
fruit_dataset\apple\Apple_779.jpg,Apple_779.jpg,apple,224,224
fruit_dataset\apple\Apple_78.jpg,Apple_78.jpg,apple,224,224
fruit_dataset\apple\Apple_780.jpg,Apple_780.jpg,apple,224,224
fruit_dataset\apple\Apple_781.jpg,Apple_781.jpg,apple,224,224
fruit_dataset\apple\Apple_782.jpg,Apple_782.jpg,apple,224,224
fruit_dataset\apple\Apple_783.jpg,Apple_783.jpg,apple,224,224
fruit_dataset\apple\Apple_784.jpg,Apple_784.jpg,apple,224,224
fruit_dataset\apple\Apple_785.jpg,Apple_785.jpg,apple,224,224
fruit_dataset\apple\Apple_786.jpg,Apple_786.jpg,apple,224,224
fruit_dataset\apple\Apple_787.jpg,Apple_787.jpg,apple,224,224
fruit_dataset\apple\Apple_788.jpg,Apple_788.jpg,apple,224,224
fruit_dataset\apple\Apple_789.jpg,Apple_789.jpg,apple,224,224
fruit_dataset\apple\Apple_79.jpg,Apple_79.jpg,apple,224,224
fruit_dataset\apple\Apple_790.jpg,Apple_790.jpg,apple,224,224
fruit_dataset\apple\Apple_791.jpg,Apple_791.jpg,apple,224,224
fruit_dataset\apple\Apple_792.jpg,Apple_792.jpg,apple,224,224
fruit_dataset\apple\Apple_793.jpg,Apple_793.jpg,apple,224,224
fruit_dataset\apple\Apple_794.jpg,Apple_794.jpg,apple,224,224
fruit_dataset\apple\Apple_795.jpg,Apple_795.jpg,apple,224,224
fruit_dataset\apple\Apple_796.jpg,Apple_796.jpg,apple,224,224
fruit_dataset\apple\Apple_797.jpg,Apple_797.jpg,apple,224,224
fruit_dataset\apple\Apple_798.jpg,Apple_798.jpg,apple,224,224
fruit_dataset\apple\Apple_799.jpg,Apple_799.jpg,apple,224,224
fruit_dataset\apple\Apple_8.jpg,Apple_8.jpg,apple,224,224
fruit_dataset\apple\Apple_80.jpeg,Apple_80.jpeg,apple,224,224
fruit_dataset\apple\Apple_800.jpg,Apple_800.jpg,apple,224,224
fruit_dataset\apple\Apple_801.jpg,Apple_801.jpg,apple,224,224
fruit_dataset\apple\Apple_802.jpg,Apple_802.jpg,apple,224,224
fruit_dataset\apple\Apple_803.jpg,Apple_803.jpg,apple,224,224
fruit_dataset\apple\Apple_804.jpg,Apple_804.jpg,apple,224,224
fruit_dataset\apple\Apple_805.jpg,Apple_805.jpg,apple,224,224
fruit_dataset\apple\Apple_806.jpg,Apple_806.jpg,apple,224,224
fruit_dataset\apple\Apple_807.jpg,Apple_807.jpg,apple,224,224
fruit_dataset\apple\Apple_808.jpg,Apple_808.jpg,apple,224,224
fruit_dataset\apple\Apple_809.jpg,Apple_809.jpg,apple,224,224
fruit_dataset\apple\Apple_81.jpg,Apple_81.jpg,apple,224,224
fruit_dataset\apple\Apple_810.jpg,Apple_810.jpg,apple,224,224
fruit_dataset\apple\Apple_811.jpg,Apple_811.jpg,apple,224,224
fruit_dataset\apple\Apple_812.jpg,Apple_812.jpg,apple,224,224
fruit_dataset\apple\Apple_813.jpg,Apple_813.jpg,apple,224,224
fruit_dataset\apple\Apple_814.jpg,Apple_814.jpg,apple,224,224
fruit_dataset\apple\Apple_815.jpg,Apple_815.jpg,apple,224,224
fruit_dataset\apple\Apple_816.jpg,Apple_816.jpg,apple,224,224
fruit_dataset\apple\Apple_817.jpg,Apple_817.jpg,apple,224,224
fruit_dataset\apple\Apple_818.jpg,Apple_818.jpg,apple,224,224
fruit_dataset\apple\Apple_819.jpg,Apple_819.jpg,apple,224,224
fruit_dataset\apple\Apple_82.jpg,Apple_82.jpg,apple,224,224
fruit_dataset\apple\Apple_820.jpg,Apple_820.jpg,apple,224,224
fruit_dataset\apple\Apple_821.jpg,Apple_821.jpg,apple,224,224
fruit_dataset\apple\Apple_822.jpg,Apple_822.jpg,apple,224,224
fruit_dataset\apple\Apple_823.jpg,Apple_823.jpg,apple,224,224
fruit_dataset\apple\Apple_824.jpg,Apple_824.jpg,apple,224,224
fruit_dataset\apple\Apple_825.jpg,Apple_825.jpg,apple,224,224
fruit_dataset\apple\Apple_826.jpg,Apple_826.jpg,apple,224,224
fruit_dataset\apple\Apple_827.jpg,Apple_827.jpg,apple,224,224
fruit_dataset\apple\Apple_828.jpg,Apple_828.jpg,apple,224,224
fruit_dataset\apple\Apple_829.jpg,Apple_829.jpg,apple,224,224
fruit_dataset\apple\Apple_83.jpg,Apple_83.jpg,apple,224,224
fruit_dataset\apple\Apple_830.jpg,Apple_830.jpg,apple,224,224
fruit_dataset\apple\Apple_831.jpg,Apple_831.jpg,apple,224,224
fruit_dataset\apple\Apple_832.jpg,Apple_832.jpg,apple,224,224
fruit_dataset\apple\Apple_833.jpg,Apple_833.jpg,apple,224,224
fruit_dataset\apple\Apple_834.jpg,Apple_834.jpg,apple,224,224
fruit_dataset\apple\Apple_835.jpg,Apple_835.jpg,apple,224,224
fruit_dataset\apple\Apple_836.jpg,Apple_836.jpg,apple,224,224
fruit_dataset\apple\Apple_837.jpg,Apple_837.jpg,apple,224,224
fruit_dataset\apple\Apple_838.jpg,Apple_838.jpg,apple,224,224
fruit_dataset\apple\Apple_839.jpg,Apple_839.jpg,apple,224,224
fruit_dataset\apple\Apple_84.jpeg,Apple_84.jpeg,apple,224,224
fruit_dataset\apple\Apple_840.jpg,Apple_840.jpg,apple,224,224
fruit_dataset\apple\Apple_841.jpg,Apple_841.jpg,apple,224,224
fruit_dataset\apple\Apple_842.jpg,Apple_842.jpg,apple,224,224
fruit_dataset\apple\Apple_843.jpg,Apple_843.jpg,apple,224,224
fruit_dataset\apple\Apple_844.jpg,Apple_844.jpg,apple,224,224
fruit_dataset\apple\Apple_845.jpg,Apple_845.jpg,apple,224,224
fruit_dataset\apple\Apple_846.jpg,Apple_846.jpg,apple,224,224
fruit_dataset\apple\Apple_847.jpg,Apple_847.jpg,apple,224,224
fruit_dataset\apple\Apple_848.jpg,Apple_848.jpg,apple,224,224
fruit_dataset\apple\Apple_849.jpg,Apple_849.jpg,apple,224,224
fruit_dataset\apple\Apple_85.jpg,Apple_85.jpg,apple,224,224
fruit_dataset\apple\Apple_850.jpg,Apple_850.jpg,apple,224,224
fruit_dataset\apple\Apple_851.jpg,Apple_851.jpg,apple,224,224
fruit_dataset\apple\Apple_852.jpg,Apple_852.jpg,apple,224,224
fruit_dataset\apple\Apple_853.jpg,Apple_853.jpg,apple,224,224
fruit_dataset\apple\Apple_854.jpg,Apple_854.jpg,apple,224,224
fruit_dataset\apple\Apple_855.jpg,Apple_855.jpg,apple,224,224
fruit_dataset\apple\Apple_856.jpg,Apple_856.jpg,apple,224,224
fruit_dataset\apple\Apple_857.jpg,Apple_857.jpg,apple,224,224
fruit_dataset\apple\Apple_858.jpg,Apple_858.jpg,apple,224,224
fruit_dataset\apple\Apple_859.jpg,Apple_859.jpg,apple,224,224
fruit_dataset\apple\Apple_86.jpg,Apple_86.jpg,apple,224,224
fruit_dataset\apple\Apple_860.jpg,Apple_860.jpg,apple,224,224
fruit_dataset\apple\Apple_861.jpg,Apple_861.jpg,apple,224,224
fruit_dataset\apple\Apple_862.jpg,Apple_862.jpg,apple,224,224
fruit_dataset\apple\Apple_863.jpg,Apple_863.jpg,apple,224,224
fruit_dataset\apple\Apple_864.jpg,Apple_864.jpg,apple,224,224
fruit_dataset\apple\Apple_865.jpg,Apple_865.jpg,apple,224,224
fruit_dataset\apple\Apple_866.jpg,Apple_866.jpg,apple,224,224
fruit_dataset\apple\Apple_867.jpg,Apple_867.jpg,apple,224,224
fruit_dataset\apple\Apple_868.jpg,Apple_868.jpg,apple,224,224
fruit_dataset\apple\Apple_869.jpg,Apple_869.jpg,apple,224,224
fruit_dataset\apple\Apple_87.jpg,Apple_87.jpg,apple,224,224
fruit_dataset\apple\Apple_870.jpg,Apple_870.jpg,apple,224,224
fruit_dataset\apple\Apple_871.jpg,Apple_871.jpg,apple,224,224
fruit_dataset\apple\Apple_872.jpg,Apple_872.jpg,apple,224,224
fruit_dataset\apple\Apple_873.jpg,Apple_873.jpg,apple,224,224
fruit_dataset\apple\Apple_874.jpg,Apple_874.jpg,apple,224,224
fruit_dataset\apple\Apple_875.jpg,Apple_875.jpg,apple,224,224
fruit_dataset\apple\Apple_876.jpg,Apple_876.jpg,apple,224,224
fruit_dataset\apple\Apple_877.jpg,Apple_877.jpg,apple,224,224
fruit_dataset\apple\Apple_878.jpg,Apple_878.jpg,apple,224,224
fruit_dataset\apple\Apple_879.jpg,Apple_879.jpg,apple,224,224
fruit_dataset\apple\Apple_88.jpg,Apple_88.jpg,apple,224,224
fruit_dataset\apple\Apple_880.jpg,Apple_880.jpg,apple,224,224
fruit_dataset\apple\Apple_881.jpg,Apple_881.jpg,apple,224,224
fruit_dataset\apple\Apple_882.jpg,Apple_882.jpg,apple,224,224
fruit_dataset\apple\Apple_883.jpg,Apple_883.jpg,apple,224,224
fruit_dataset\apple\Apple_884.jpg,Apple_884.jpg,apple,224,224
fruit_dataset\apple\Apple_885.jpg,Apple_885.jpg,apple,224,224
fruit_dataset\apple\Apple_886.jpg,Apple_886.jpg,apple,224,224
fruit_dataset\apple\Apple_887.jpg,Apple_887.jpg,apple,224,224
fruit_dataset\apple\Apple_888.jpg,Apple_888.jpg,apple,224,224
fruit_dataset\apple\Apple_889.jpg,Apple_889.jpg,apple,224,224
fruit_dataset\apple\Apple_89.jpg,Apple_89.jpg,apple,224,224
fruit_dataset\apple\Apple_890.jpg,Apple_890.jpg,apple,224,224
fruit_dataset\apple\Apple_891.jpg,Apple_891.jpg,apple,224,224
fruit_dataset\apple\Apple_892.jpg,Apple_892.jpg,apple,224,224
fruit_dataset\apple\Apple_893.jpg,Apple_893.jpg,apple,224,224
fruit_dataset\apple\Apple_894.jpg,Apple_894.jpg,apple,224,224
fruit_dataset\apple\Apple_895.jpg,Apple_895.jpg,apple,224,224
fruit_dataset\apple\Apple_896.jpg,Apple_896.jpg,apple,224,224
fruit_dataset\apple\Apple_897.jpg,Apple_897.jpg,apple,224,224
fruit_dataset\apple\Apple_898.jpg,Apple_898.jpg,apple,224,224
fruit_dataset\apple\Apple_899.jpg,Apple_899.jpg,apple,224,224
fruit_dataset\apple\Apple_9.jpg,Apple_9.jpg,apple,224,224
fruit_dataset\apple\Apple_90.jpg,Apple_90.jpg,apple,224,224
fruit_dataset\apple\Apple_900.jpg,Apple_900.jpg,apple,224,224
fruit_dataset\apple\Apple_901.jpg,Apple_901.jpg,apple,224,224
fruit_dataset\apple\Apple_902.jpg,Apple_902.jpg,apple,224,224
fruit_dataset\apple\Apple_903.jpg,Apple_903.jpg,apple,224,224
fruit_dataset\apple\Apple_904.jpg,Apple_904.jpg,apple,224,224
fruit_dataset\apple\Apple_905.jpg,Apple_905.jpg,apple,224,224
fruit_dataset\apple\Apple_906.jpg,Apple_906.jpg,apple,224,224
fruit_dataset\apple\Apple_907.jpg,Apple_907.jpg,apple,224,224
fruit_dataset\apple\Apple_908.jpg,Apple_908.jpg,apple,224,224
fruit_dataset\apple\Apple_909.jpg,Apple_909.jpg,apple,224,224
fruit_dataset\apple\Apple_91.jpg,Apple_91.jpg,apple,224,224
fruit_dataset\apple\Apple_910.jpg,Apple_910.jpg,apple,224,224
fruit_dataset\apple\Apple_911.jpg,Apple_911.jpg,apple,224,224
fruit_dataset\apple\Apple_912.jpg,Apple_912.jpg,apple,224,224
fruit_dataset\apple\Apple_913.jpg,Apple_913.jpg,apple,224,224
fruit_dataset\apple\Apple_914.jpg,Apple_914.jpg,apple,224,224
fruit_dataset\apple\Apple_915.jpg,Apple_915.jpg,apple,224,224
fruit_dataset\apple\Apple_916.jpg,Apple_916.jpg,apple,224,224
fruit_dataset\apple\Apple_917.jpg,Apple_917.jpg,apple,224,224
fruit_dataset\apple\Apple_918.jpg,Apple_918.jpg,apple,224,224
fruit_dataset\apple\Apple_919.jpg,Apple_919.jpg,apple,224,224
fruit_dataset\apple\Apple_92.jpg,Apple_92.jpg,apple,224,224
fruit_dataset\apple\Apple_920.jpg,Apple_920.jpg,apple,224,224
fruit_dataset\apple\Apple_921.jpg,Apple_921.jpg,apple,224,224
fruit_dataset\apple\Apple_922.jpg,Apple_922.jpg,apple,224,224
fruit_dataset\apple\Apple_923.jpg,Apple_923.jpg,apple,224,224
fruit_dataset\apple\Apple_924.jpg,Apple_924.jpg,apple,224,224
fruit_dataset\apple\Apple_925.jpg,Apple_925.jpg,apple,224,224
fruit_dataset\apple\Apple_926.jpg,Apple_926.jpg,apple,224,224
fruit_dataset\apple\Apple_927.jpg,Apple_927.jpg,apple,224,224
fruit_dataset\apple\Apple_928.jpg,Apple_928.jpg,apple,224,224
fruit_dataset\apple\Apple_929.jpg,Apple_929.jpg,apple,224,224
fruit_dataset\apple\Apple_93.jpg,Apple_93.jpg,apple,224,224
fruit_dataset\apple\Apple_930.jpg,Apple_930.jpg,apple,224,224
fruit_dataset\apple\Apple_931.jpg,Apple_931.jpg,apple,224,224
fruit_dataset\apple\Apple_932.jpg,Apple_932.jpg,apple,224,224
fruit_dataset\apple\Apple_933.jpg,Apple_933.jpg,apple,224,224
fruit_dataset\apple\Apple_934.jpg,Apple_934.jpg,apple,224,224
fruit_dataset\apple\Apple_935.jpg,Apple_935.jpg,apple,224,224
fruit_dataset\apple\Apple_936.jpg,Apple_936.jpg,apple,224,224
fruit_dataset\apple\Apple_937.jpg,Apple_937.jpg,apple,224,224
fruit_dataset\apple\Apple_938.jpg,Apple_938.jpg,apple,224,224
fruit_dataset\apple\Apple_939.jpg,Apple_939.jpg,apple,224,224
fruit_dataset\apple\Apple_94.jpg,Apple_94.jpg,apple,224,224
fruit_dataset\apple\Apple_940.jpg,Apple_940.jpg,apple,224,224
fruit_dataset\apple\Apple_941.jpg,Apple_941.jpg,apple,224,224
fruit_dataset\apple\Apple_942.jpg,Apple_942.jpg,apple,224,224
fruit_dataset\apple\Apple_943.jpg,Apple_943.jpg,apple,224,224
fruit_dataset\apple\Apple_944.jpg,Apple_944.jpg,apple,224,224
fruit_dataset\apple\Apple_945.jpg,Apple_945.jpg,apple,224,224
fruit_dataset\apple\Apple_946.jpg,Apple_946.jpg,apple,224,224
fruit_dataset\apple\Apple_947.jpg,Apple_947.jpg,apple,224,224
fruit_dataset\apple\Apple_948.jpg,Apple_948.jpg,apple,224,224
fruit_dataset\apple\Apple_949.jpg,Apple_949.jpg,apple,224,224
fruit_dataset\apple\Apple_95.jpg,Apple_95.jpg,apple,224,224
fruit_dataset\apple\Apple_950.jpg,Apple_950.jpg,apple,224,224
fruit_dataset\apple\Apple_951.jpg,Apple_951.jpg,apple,224,224
fruit_dataset\apple\Apple_952.jpg,Apple_952.jpg,apple,224,224
fruit_dataset\apple\Apple_953.jpg,Apple_953.jpg,apple,224,224
fruit_dataset\apple\Apple_954.jpg,Apple_954.jpg,apple,224,224
fruit_dataset\apple\Apple_955.jpg,Apple_955.jpg,apple,224,224
fruit_dataset\apple\Apple_956.jpg,Apple_956.jpg,apple,224,224
fruit_dataset\apple\Apple_957.jpg,Apple_957.jpg,apple,224,224
fruit_dataset\apple\Apple_958.jpg,Apple_958.jpg,apple,224,224
fruit_dataset\apple\Apple_959.jpg,Apple_959.jpg,apple,224,224
fruit_dataset\apple\Apple_96.jpg,Apple_96.jpg,apple,224,224
fruit_dataset\apple\Apple_960.jpg,Apple_960.jpg,apple,224,224
fruit_dataset\apple\Apple_961.jpg,Apple_961.jpg,apple,224,224
fruit_dataset\apple\Apple_962.jpg,Apple_962.jpg,apple,224,224
fruit_dataset\apple\Apple_963.jpg,Apple_963.jpg,apple,224,224
fruit_dataset\apple\Apple_964.jpg,Apple_964.jpg,apple,224,224
fruit_dataset\apple\Apple_965.jpg,Apple_965.jpg,apple,224,224
fruit_dataset\apple\Apple_966.jpg,Apple_966.jpg,apple,224,224
fruit_dataset\apple\Apple_967.jpg,Apple_967.jpg,apple,224,224
fruit_dataset\apple\Apple_968.jpg,Apple_968.jpg,apple,224,224
fruit_dataset\apple\Apple_969.jpg,Apple_969.jpg,apple,224,224
fruit_dataset\apple\Apple_97.jpg,Apple_97.jpg,apple,224,224
fruit_dataset\apple\Apple_970.jpg,Apple_970.jpg,apple,224,224
fruit_dataset\apple\Apple_971.jpg,Apple_971.jpg,apple,224,224
fruit_dataset\apple\Apple_972.jpg,Apple_972.jpg,apple,224,224
fruit_dataset\apple\Apple_973.jpg,Apple_973.jpg,apple,224,224
fruit_dataset\apple\Apple_974.jpg,Apple_974.jpg,apple,224,224
fruit_dataset\apple\Apple_975.jpg,Apple_975.jpg,apple,224,224
fruit_dataset\apple\Apple_976.jpg,Apple_976.jpg,apple,224,224
fruit_dataset\apple\Apple_977.jpg,Apple_977.jpg,apple,224,224
fruit_dataset\apple\Apple_978.jpg,Apple_978.jpg,apple,224,224
fruit_dataset\apple\Apple_979.jpg,Apple_979.jpg,apple,224,224
fruit_dataset\apple\Apple_98.jpg,Apple_98.jpg,apple,224,224
fruit_dataset\apple\Apple_980.jpg,Apple_980.jpg,apple,224,224
fruit_dataset\apple\Apple_981.jpg,Apple_981.jpg,apple,224,224
fruit_dataset\apple\Apple_982.jpg,Apple_982.jpg,apple,224,224
fruit_dataset\apple\Apple_983.jpg,Apple_983.jpg,apple,224,224
fruit_dataset\apple\Apple_984.jpg,Apple_984.jpg,apple,224,224
fruit_dataset\apple\Apple_985.jpg,Apple_985.jpg,apple,224,224
fruit_dataset\apple\Apple_986.jpg,Apple_986.jpg,apple,224,224
fruit_dataset\apple\Apple_987.jpg,Apple_987.jpg,apple,224,224
fruit_dataset\apple\Apple_988.jpg,Apple_988.jpg,apple,224,224
fruit_dataset\apple\Apple_989.jpg,Apple_989.jpg,apple,224,224
fruit_dataset\apple\Apple_99.jpg,Apple_99.jpg,apple,224,224
fruit_dataset\apple\Apple_990.jpg,Apple_990.jpg,apple,224,224
fruit_dataset\apple\Apple_991.jpg,Apple_991.jpg,apple,224,224
fruit_dataset\apple\Apple_992.jpg,Apple_992.jpg,apple,224,224
fruit_dataset\apple\Apple_993.jpg,Apple_993.jpg,apple,224,224
fruit_dataset\apple\Apple_994.jpg,Apple_994.jpg,apple,224,224
fruit_dataset\apple\Apple_995.jpg,Apple_995.jpg,apple,224,224
fruit_dataset\apple\Apple_996.jpg,Apple_996.jpg,apple,224,224
fruit_dataset\apple\Apple_997.jpg,Apple_997.jpg,apple,224,224
fruit_dataset\apple\Apple_998.jpg,Apple_998.jpg,apple,224,224
fruit_dataset\apple\Apple_999.jpg,Apple_999.jpg,apple,224,224
