Task Category,Frequency,Level,Date and Time,Source,Event ID
(1),12,Error,07-07-2026 15:45:53 | 30-05-2026 11:17:48 | 26-05-2026 12:12:54 | 05-05-2026 12:13:50 | 11-04-2026 20:54:26 | 11-04-2026 20:54:25 | 05-04-2026 14:57:22 | 04-03-2026 19:31:59 | 25-02-2026 18:27:23 | 09-02-2026 13:15:49,Microsoft-Windows-AppReadiness,214
(1014),58,Warning,10-07-2026 12:20:34 | 07-07-2026 22:48:06 | 18-06-2026 19:26:59 | 10-06-2026 22:05:41 | 07-06-2026 22:38:40 | 02-06-2026 17:36:06 | 16-05-2026 12:29:39 | 14-05-2026 22:50:41 | 13-05-2026 11:49:40 | 06-05-2026 14:30:46 | 22-04-2026 20:07:56 | 17-04-2026 12:14:24 | 10-04-2026 11:36:19 | 18-03-2026 16:08:58 | 16-03-2026 11:29:30 | 14-03-2026 10:57:28 | 28-02-2026 10:29:03 | 19-02-2026 13:51:18 | 14-02-2026 18:14:56 | 13-02-2026 11:07:37 | 13-02-2026 10:40:59 | 12-02-2026 20:14:31 | 12-02-2026 11:06:14 | 12-02-2026 11:04:48 | 10-02-2026 19:40:40 | 10-02-2026 13:51:37 | 07-02-2026 12:37:04 | 06-02-2026 20:47:13 | 06-02-2026 11:26:53 | 05-02-2026 15:28:17 | 05-02-2026 11:43:59 | 03-02-2026 11:08:14 | 03-02-2026 10:38:09 | 03-02-2026 10:37:34 | 03-02-2026 10:30:56 | 02-02-2026 20:14:54 | 02-02-2026 16:51:53 | 02-02-2026 11:45:06 | 01-02-2026 21:22:20 | 31-01-2026 19:12:28 | 31-01-2026 13:40:27 | 31-01-2026 13:40:13 | 30-01-2026 20:53:37 | 28-01-2026 15:14:28 | 28-01-2026 10:56:45 | 27-01-2026 20:49:27 | 27-01-2026 15:01:01 | 27-01-2026 11:19:08 | 27-01-2026 11:18:50 | 26-01-2026 08:36:59 | 22-01-2026 15:41:08 | 22-01-2026 12:04:39 | 22-01-2026 08:42:19 | 21-01-2026 12:55:53 | 21-01-2026 12:09:36 | 20-01-2026 20:56:06 | 20-01-2026 14:27:55 | 19-01-2026 21:41:14,Microsoft-Windows-DNS-Client,1014
(5000),4,Error,12-07-2026 11:12:05 | 15-05-2026 13:11:08 | 28-01-2026 19:29:59 | 27-01-2026 11:12:29,Microsoft-Windows-DeviceAssociationService,3503
(6),12,Error,07-07-2026 15:45:53 | 30-05-2026 11:17:48 | 26-05-2026 12:12:54 | 05-05-2026 12:13:50 | 11-04-2026 20:54:26 | 11-04-2026 20:54:25 | 05-04-2026 14:57:21 | 04-03-2026 19:31:59 | 04-03-2026 19:31:58 | 25-02-2026 18:27:23 | 09-02-2026 13:15:49,Microsoft-Windows-AppReadiness,10
(7000),1,Error,15-03-2026 13:09:31,Microsoft-Windows-DeviceAssociationService,3501
Adding a printer driver,3,Error,09-02-2025 21:37:44,Microsoft-Windows-PrintService,318
Address Configuration State Event,143,Warning | Error,13-07-2026 18:59:05 | 13-07-2026 12:29:50 | 12-07-2026 11:08:27 | 11-07-2026 21:30:03 | 11-07-2026 21:30:02 | 10-07-2026 12:20:22 | 09-07-2026 12:38:39 | 08-07-2026 14:52:19 | 05-07-2026 19:28:06 | 04-07-2026 16:22:02 | 02-07-2026 11:09:00 | 23-06-2026 18:45:34 | 23-06-2026 18:45:31 | 22-06-2026 11:47:51 | 21-06-2026 11:33:43 | 20-06-2026 11:49:51 | 19-06-2026 11:54:48 | 14-06-2026 11:42:09 | 13-06-2026 22:30:21 | 13-06-2026 12:21:40 | 10-06-2026 11:45:28 | 09-06-2026 12:54:55 | 08-06-2026 16:58:53 | 03-06-2026 21:59:28 | 02-06-2026 10:08:53 | 29-05-2026 10:51:00 | 26-05-2026 12:12:02 | 26-05-2026 12:12:01 | 19-05-2026 11:34:12 | 19-05-2026 11:34:11 | 18-05-2026 10:23:48 | 17-05-2026 12:55:30 | 16-05-2026 12:11:25 | 15-05-2026 11:30:36 | 05-05-2026 10:42:08 | 04-05-2026 19:36:48 | 04-05-2026 11:50:15 | 03-05-2026 11:54:38 | 03-05-2026 11:54:35 | 30-04-2026 07:15:23 | 29-04-2026 11:39:18 | 27-04-2026 11:36:12 | 26-04-2026 11:41:19 | 24-04-2026 11:35:40 | 23-04-2026 14:48:33 | 22-04-2026 10:33:19 | 22-04-2026 10:33:18 | 21-04-2026 21:38:16 | 19-04-2026 12:38:17 | 17-04-2026 12:13:20 | 12-04-2026 11:24:48 | 11-04-2026 20:53:29 | 10-04-2026 11:16:10 | 09-04-2026 11:35:04 | 07-04-2026 14:38:22 | 07-04-2026 14:38:12 | 07-04-2026 14:38:01 | 07-04-2026 14:37:45 | 07-04-2026 14:34:19 | 07-04-2026 14:34:06 | 07-04-2026 14:33:53 | 07-04-2026 14:33:39 | 07-04-2026 12:29:20 | 06-04-2026 19:33:32 | 01-04-2026 11:46:15 | 01-04-2026 11:45:10 | 01-04-2026 10:39:28 | 30-03-2026 18:47:31 | 30-03-2026 18:47:30 | 28-03-2026 12:24:27 | 27-03-2026 18:05:08 | 27-03-2026 11:12:08 | 26-03-2026 12:51:52 | 24-03-2026 11:44:58 | 24-03-2026 11:44:55 | 23-03-2026 07:46:51 | 22-03-2026 07:03:08 | 21-03-2026 11:24:55 | 20-03-2026 08:05:39 | 18-03-2026 07:29:30 | 17-03-2026 15:56:45 | 17-03-2026 15:36:04 | 17-03-2026 12:16:21 | 16-03-2026 18:22:27 | 16-03-2026 13:49:29 | 15-03-2026 11:54:56 | 14-03-2026 10:50:49 | 11-03-2026 10:42:31 | 08-03-2026 12:58:48 | 07-03-2026 12:03:07 | 03-03-2026 16:46:25 | 02-03-2026 11:25:51 | 26-02-2026 07:33:07 | 19-02-2026 13:51:04 | 19-02-2026 06:37:03 | 16-02-2026 10:52:56 | 14-02-2026 08:39:23 | 12-02-2026 14:44:06 | 12-02-2026 11:03:39 | 11-02-2026 11:31:37 | 09-02-2026 11:38:46 | 07-02-2026 11:25:38 | 07-02-2026 11:25:35 | 06-02-2026 10:45:39 | 04-02-2026 10:44:06 | 01-02-2026 18:42:11 | 01-02-2026 12:37:12 | 31-01-2026 11:24:03 | 30-01-2026 14:19:25 | 30-01-2026 11:42:00 | 29-01-2026 10:43:42 | 28-01-2026 15:59:11 | 28-01-2026 10:43:27 | 26-01-2026 08:35:06 | 21-01-2026 10:24:02 | 20-01-2026 07:52:52 | 19-01-2026 10:00:06 | 18-01-2026 12:12:48 | 17-01-2026 11:51:31 | 16-01-2026 11:30:58 | 12-01-2026 10:47:53 | 10-01-2026 15:21:53 | 08-01-2026 11:29:57 | 07-01-2026 10:26:30 | 06-01-2026 09:16:08 | 27-12-2025 15:00:28 | 27-12-2025 09:54:25 | 26-12-2025 20:01:38 | 25-12-2025 11:02:52 | 24-12-2025 18:32:31 | 23-12-2025 10:46:52 | 22-12-2025 17:18:34 | 20-12-2025 11:51:01 | 20-12-2025 11:50:57 | 19-12-2025 11:48:34 | 16-12-2025 18:40:33 | 16-12-2025 07:43:20 | 14-12-2025 10:52:55 | 13-12-2025 11:23:50 | 12-12-2025 07:49:19,Microsoft-Windows-Dhcp-Client,1003 | 1002
Application Crashing Events,20,Error,02-07-2026 19:08:46 | 30-05-2026 12:56:21 | 05-05-2026 23:15:02 | 04-05-2026 12:06:15 | 04-05-2026 11:51:08 | 04-05-2026 11:50:32 | 04-05-2026 11:50:29 | 04-05-2026 11:50:27 | 12-04-2026 21:13:36 | 11-04-2026 22:01:50 | 07-04-2026 15:17:58 | 05-04-2026 12:36:19 | 26-03-2026 19:58:08 | 25-03-2026 19:07:51 | 23-03-2026 18:40:20 | 22-03-2026 20:56:51 | 20-03-2026 22:39:09 | 20-03-2026 20:18:42 | 04-03-2026 23:14:21,Application Error,1000
Gatherer,48,Warning,12-07-2026 12:22:27 | 12-07-2026 12:22:26 | 10-07-2026 13:02:19 | 10-07-2026 13:01:59 | 10-07-2026 13:01:40 | 10-07-2026 13:01:37 | 10-07-2026 12:59:43 | 10-07-2026 12:59:37 | 10-07-2026 12:59:04 | 10-07-2026 12:56:04 | 10-07-2026 12:55:28 | 10-07-2026 12:54:07 | 10-07-2026 12:53:28 | 10-07-2026 12:49:37 | 10-07-2026 12:48:04 | 10-07-2026 12:48:00 | 10-07-2026 12:35:41 | 10-07-2026 12:35:35 | 10-07-2026 12:35:08 | 10-07-2026 12:31:41 | 09-07-2026 21:04:00 | 09-07-2026 21:02:34 | 09-07-2026 21:02:33 | 09-07-2026 21:02:13 | 09-07-2026 20:58:33 | 09-07-2026 20:51:39 | 09-07-2026 20:49:41 | 09-07-2026 20:48:38 | 09-07-2026 20:43:39 | 09-07-2026 20:42:34 | 09-07-2026 20:42:32 | 09-07-2026 20:41:35 | 09-07-2026 20:41:09 | 09-07-2026 20:40:43 | 02-07-2026 11:11:08 | 02-07-2026 11:10:15 | 01-07-2026 20:05:22 | 13-06-2026 12:28:56 | 08-06-2026 16:59:42 | 16-04-2026 22:13:58,Microsoft-Windows-Search,10024
Hanging Events,91,Error,11-07-2026 00:04:07 | 10-07-2026 23:56:26 | 09-07-2026 20:11:23 | 08-07-2026 21:19:30 | 08-07-2026 20:17:29 | 08-07-2026 19:54:44 | 08-07-2026 19:29:05 | 04-07-2026 19:48:01 | 04-07-2026 18:48:52 | 02-07-2026 21:50:26 | 02-07-2026 20:36:20 | 24-06-2026 14:09:07 | 23-06-2026 20:45:25 | 22-06-2026 15:57:57 | 22-06-2026 13:54:59 | 21-06-2026 15:01:49 | 19-06-2026 14:58:43 | 13-06-2026 14:07:54 | 03-06-2026 16:13:44 | 03-06-2026 12:20:09 | 02-06-2026 22:27:09 | 01-06-2026 14:09:15 | 01-06-2026 10:45:30 | 30-05-2026 21:44:50 | 30-05-2026 20:08:18 | 30-05-2026 12:47:01 | 30-05-2026 12:43:51 | 30-05-2026 12:43:08 | 30-05-2026 12:06:43 | 29-05-2026 12:21:38 | 26-05-2026 18:51:28 | 17-05-2026 14:15:20 | 17-05-2026 14:10:49 | 16-05-2026 15:17:23 | 06-05-2026 11:03:53 | 06-05-2026 08:58:02 | 05-05-2026 22:03:27 | 05-05-2026 21:01:09 | 05-05-2026 13:02:06 | 03-05-2026 21:16:46 | 03-05-2026 20:56:08 | 03-05-2026 14:26:03 | 01-05-2026 08:54:21 | 01-05-2026 08:06:29 | 30-04-2026 23:04:16 | 27-04-2026 22:14:43 | 27-04-2026 21:49:30 | 27-04-2026 20:47:57 | 27-04-2026 20:22:08 | 25-04-2026 14:52:43 | 22-04-2026 14:16:52 | 20-04-2026 13:00:37 | 10-04-2026 12:58:04 | 07-04-2026 14:37:00 | 07-04-2026 08:45:08 | 30-03-2026 21:53:47 | 30-03-2026 19:44:38 | 26-03-2026 19:46:28 | 26-03-2026 15:09:22 | 25-03-2026 11:28:39 | 24-03-2026 20:09:07 | 23-03-2026 18:40:20 | 23-03-2026 11:56:23 | 22-03-2026 22:03:00 | 21-03-2026 12:01:49 | 20-03-2026 21:18:19 | 20-03-2026 12:50:09 | 20-03-2026 12:45:02 | 19-03-2026 19:07:39 | 18-03-2026 16:55:42 | 17-03-2026 11:34:54 | 16-03-2026 12:28:09 | 14-03-2026 21:56:01 | 10-03-2026 17:04:29 | 10-03-2026 13:32:00 | 10-03-2026 12:05:38 | 08-03-2026 20:53:06 | 08-03-2026 19:01:20 | 08-03-2026 14:25:39 | 07-03-2026 12:54:50 | 06-03-2026 23:19:01 | 06-03-2026 22:55:51 | 06-03-2026 22:09:52 | 06-03-2026 14:58:28 | 06-03-2026 13:51:25 | 06-03-2026 11:46:07 | 04-03-2026 23:14:24 | 04-03-2026 19:21:09 | 04-03-2026 15:39:10 | 04-03-2026 11:53:56 | 28-02-2026 12:10:39,Application Hang,1002
Installing a printer driver,1,Error,09-02-2025 21:37:44,Microsoft-Windows-PrintService,215
Logging,612,Warning,13-07-2026 19:45:12 | 13-07-2026 12:32:33 | 12-07-2026 11:11:57 | 11-07-2026 21:33:28 | 10-07-2026 22:37:43 | 10-07-2026 19:53:51 | 10-07-2026 12:22:49 | 09-07-2026 18:03:07 | 09-07-2026 16:07:11 | 09-07-2026 15:19:39 | 09-07-2026 12:42:08 | 09-07-2026 12:41:37 | 08-07-2026 19:17:02 | 08-07-2026 00:06:34 | 07-07-2026 14:56:39 | 05-07-2026 19:31:59 | 04-07-2026 16:25:30 | 03-07-2026 22:46:52 | 03-07-2026 22:45:53 | 02-07-2026 11:12:25 | 01-07-2026 22:13:53 | 01-07-2026 20:02:44 | 01-07-2026 14:48:23 | 26-06-2026 19:57:18 | 26-06-2026 09:40:31 | 24-06-2026 08:03:09 | 23-06-2026 18:48:30 | 22-06-2026 19:16:06 | 22-06-2026 11:50:42 | 21-06-2026 11:36:49 | 20-06-2026 11:52:48 | 19-06-2026 11:55:52 | 18-06-2026 18:06:15 | 16-06-2026 17:57:13 | 16-06-2026 17:52:38 | 16-06-2026 17:21:01 | 13-06-2026 15:45:21 | 13-06-2026 12:24:25 | 12-06-2026 19:36:20 | 12-06-2026 11:39:42 | 11-06-2026 08:24:48 | 10-06-2026 21:50:38 | 10-06-2026 11:48:23 | 09-06-2026 13:00:11 | 08-06-2026 23:04:15 | 08-06-2026 19:41:16 | 08-06-2026 16:59:38 | 03-06-2026 22:01:06 | 03-06-2026 10:03:37 | 02-06-2026 22:03:27 | 02-06-2026 10:32:40 | 02-06-2026 10:14:57 | 01-06-2026 23:18:19 | 01-06-2026 09:34:51 | 30-05-2026 20:04:18 | 30-05-2026 09:45:07 | 29-05-2026 11:00:06 | 28-05-2026 19:35:35 | 28-05-2026 19:25:21 | 27-05-2026 11:57:25 | 26-05-2026 12:19:52 | 23-05-2026 18:26:18 | 19-05-2026 11:41:42 | 18-05-2026 20:35:56 | 18-05-2026 10:33:36 | 17-05-2026 14:15:15 | 16-05-2026 12:18:16 | 15-05-2026 13:10:17 | 15-05-2026 13:05:51 | 15-05-2026 11:32:53 | 13-05-2026 12:43:24 | 13-05-2026 12:37:39 | 12-05-2026 11:04:01 | 09-05-2026 12:49:26 | 08-05-2026 22:41:31 | 08-05-2026 18:10:01 | 06-05-2026 07:35:19 | 05-05-2026 10:57:14 | 04-05-2026 12:37:55 | 04-05-2026 11:56:50 | 03-05-2026 12:21:50 | 02-05-2026 13:12:23 | 01-05-2026 07:56:27 | 30-04-2026 23:11:09 | 30-04-2026 07:20:41 | 30-04-2026 07:18:23 | 27-04-2026 11:41:41 | 26-04-2026 11:56:49 | 25-04-2026 13:30:40 | 24-04-2026 13:50:35 | 24-04-2026 11:50:44 | 23-04-2026 19:47:59 | 22-04-2026 10:43:23 | 20-04-2026 19:59:10 | 20-04-2026 12:38:46 | 19-04-2026 19:49:35 | 19-04-2026 12:43:33 | 17-04-2026 14:55:32 | 17-04-2026 12:19:05 | 16-04-2026 22:08:52 | 13-04-2026 17:40:45 | 12-04-2026 11:32:49 | 10-04-2026 11:21:34 | 09-04-2026 20:28:25 | 09-04-2026 11:39:02 | 08-04-2026 12:05:41 | 07-04-2026 07:47:07 | 06-04-2026 19:39:32 | 01-04-2026 10:44:21 | 31-03-2026 09:24:33 | 30-03-2026 18:49:51 | 28-03-2026 15:52:05 | 28-03-2026 12:37:05 | 27-03-2026 11:35:01 | 26-03-2026 13:05:31 | 25-03-2026 13:56:09 | 25-03-2026 07:14:18 | 24-03-2026 18:40:16 | 24-03-2026 11:48:09 | 23-03-2026 21:58:41 | 23-03-2026 07:54:07 | 22-03-2026 07:15:23 | 21-03-2026 11:32:06 | 20-03-2026 08:16:09 | 19-03-2026 18:30:09 | 18-03-2026 16:10:27 | 18-03-2026 07:57:05 | 18-03-2026 07:41:52 | 18-03-2026 07:41:48 | 17-03-2026 11:25:24 | 17-03-2026 07:00:38 | 16-03-2026 08:03:28 | 15-03-2026 18:50:58 | 15-03-2026 13:07:38 | 15-03-2026 13:03:58 | 15-03-2026 11:58:40 | 14-03-2026 10:56:36 | 13-03-2026 11:25:19 | 12-03-2026 08:22:17 | 11-03-2026 20:14:13 | 11-03-2026 20:09:30 | 11-03-2026 10:49:21 | 10-03-2026 11:33:40 | 08-03-2026 13:26:49 | 07-03-2026 18:10:58 | 07-03-2026 12:14:15 | 06-03-2026 11:48:15 | 03-03-2026 16:53:04 | 02-03-2026 11:29:58 | 01-03-2026 12:02:54 | 28-02-2026 10:24:15 | 28-02-2026 10:23:17 | 27-02-2026 11:15:58 | 27-02-2026 11:12:19 | 27-02-2026 11:11:54 | 26-02-2026 18:51:00 | 26-02-2026 07:43:15 | 26-02-2026 07:34:26 | 26-02-2026 07:34:13 | 25-02-2026 22:45:33 | 25-02-2026 17:51:14 | 25-02-2026 17:50:17 | 25-02-2026 17:50:12 | 22-02-2026 20:43:37 | 22-02-2026 20:42:20 | 22-02-2026 20:42:15 | 21-02-2026 19:59:36 | 21-02-2026 09:20:54 | 19-02-2026 14:44:39 | 19-02-2026 14:19:03 | 19-02-2026 14:18:36 | 19-02-2026 13:51:06 | 19-02-2026 06:57:34 | 19-02-2026 06:38:59 | 19-02-2026 06:38:10 | 18-02-2026 13:02:07 | 18-02-2026 08:50:17 | 18-02-2026 08:46:41 | 16-02-2026 23:09:19 | 16-02-2026 23:04:01 | 16-02-2026 20:24:15 | 16-02-2026 20:20:01 | 16-02-2026 20:19:44 | 16-02-2026 11:03:37 | 16-02-2026 10:54:00 | 15-02-2026 18:04:58 | 15-02-2026 17:54:45 | 15-02-2026 17:17:36 | 15-02-2026 15:22:38 | 15-02-2026 11:45:31 | 14-02-2026 18:06:18 | 14-02-2026 18:05:58 | 14-02-2026 18:05:07 | 14-02-2026 11:37:41 | 14-02-2026 11:33:21 | 14-02-2026 11:32:28 | 14-02-2026 11:04:30 | 14-02-2026 11:00:41 | 14-02-2026 10:57:26 | 14-02-2026 10:56:19 | 14-02-2026 08:49:38 | 14-02-2026 08:40:36 | 14-02-2026 08:40:27 | 13-02-2026 07:28:27 | 13-02-2026 07:10:31 | 13-02-2026 07:10:22 | 12-02-2026 20:06:42 | 12-02-2026 20:01:57 | 12-02-2026 20:01:46 | 12-02-2026 14:57:02 | 12-02-2026 11:08:28 | 12-02-2026 11:04:53 | 11-02-2026 12:57:45 | 11-02-2026 11:40:31 | 11-02-2026 11:32:40 | 10-02-2026 12:09:47 | 10-02-2026 11:55:39 | 10-02-2026 11:52:59 | 09-02-2026 11:43:46 | 09-02-2026 11:40:02 | 09-02-2026 11:39:53 | 08-02-2026 12:05:22 | 08-02-2026 12:00:16 | 07-02-2026 18:45:08 | 07-02-2026 18:35:13 | 07-02-2026 18:35:06 | 07-02-2026 11:31:35 | 07-02-2026 11:26:45 | 07-02-2026 11:26:41 | 06-02-2026 19:01:17 | 06-02-2026 18:57:09 | 06-02-2026 18:57:02 | 06-02-2026 10:52:46 | 06-02-2026 10:48:54 | 06-02-2026 10:46:45 | 06-02-2026 10:46:30 | 05-02-2026 15:28:11 | 05-02-2026 11:42:04 | 05-02-2026 11:41:56 | 04-02-2026 11:00:54 | 04-02-2026 10:45:20 | 04-02-2026 10:45:12 | 03-02-2026 22:30:19 | 03-02-2026 10:06:25 | 03-02-2026 10:05:25 | 01-02-2026 22:48:29 | 01-02-2026 22:43:57 | 01-02-2026 22:43:43 | 01-02-2026 18:48:08 | 01-02-2026 12:43:16 | 31-01-2026 19:14:08 | 31-01-2026 13:45:00 | 31-01-2026 11:34:43 | 30-01-2026 11:46:47 | 29-01-2026 18:42:27 | 29-01-2026 10:49:26 | 28-01-2026 19:31:38 | 28-01-2026 15:14:23 | 28-01-2026 10:47:54 | 27-01-2026 16:40:30 | 27-01-2026 14:41:13 | 27-01-2026 11:07:37 | 26-01-2026 11:15:37 | 26-01-2026 08:45:16 | 25-01-2026 19:05:15 | 25-01-2026 13:54:27 | 25-01-2026 09:22:46 | 24-01-2026 14:04:29 | 21-01-2026 10:34:34 | 20-01-2026 19:19:18 | 20-01-2026 07:58:56 | 19-01-2026 14:31:54 | 19-01-2026 12:27:50 | 19-01-2026 10:14:39 | 18-01-2026 20:12:59 | 18-01-2026 20:09:36 | 18-01-2026 12:28:53 | 17-01-2026 12:18:01 | 16-01-2026 23:45:26 | 16-01-2026 22:16:57 | 16-01-2026 11:53:53 | 15-01-2026 12:21:12 | 12-01-2026 11:15:40 | 10-01-2026 15:34:14 | 09-01-2026 10:40:10 | 09-01-2026 08:02:26 | 08-01-2026 11:50:15 | 07-01-2026 20:24:48 | 07-01-2026 15:46:03 | 07-01-2026 10:46:51 | 06-01-2026 19:01:27 | 06-01-2026 12:29:06 | 06-01-2026 09:32:26 | 05-01-2026 20:20:11 | 05-01-2026 10:39:28 | 04-01-2026 13:49:00 | 03-01-2026 11:27:22 | 02-01-2026 11:29:06 | 01-01-2026 23:48:36 | 01-01-2026 20:36:50 | 31-12-2025 10:19:11 | 29-12-2025 21:30:39 | 28-12-2025 18:12:14 | 28-12-2025 11:36:32 | 27-12-2025 15:16:34 | 27-12-2025 10:12:35 | 26-12-2025 20:17:07 | 25-12-2025 12:29:03 | 24-12-2025 19:01:38 | 23-12-2025 22:59:43 | 23-12-2025 20:00:38 | 23-12-2025 10:57:25 | 22-12-2025 17:33:36 | 21-12-2025 20:02:07 | 20-12-2025 18:06:37 | 20-12-2025 11:57:44 | 19-12-2025 12:09:42 | 18-12-2025 15:32:43 | 16-12-2025 18:46:56 | 16-12-2025 07:58:28 | 15-12-2025 16:03:58 | 14-12-2025 11:51:18 | 14-12-2025 11:08:10 | 13-12-2025 19:03:08 | 13-12-2025 11:53:00 | 12-12-2025 11:53:22 | 12-12-2025 08:09:39 | 11-12-2025 18:54:21 | 09-12-2025 11:34:23 | 08-12-2025 11:25:18 | 07-12-2025 13:25:39 | 06-12-2025 11:05:16 | 05-12-2025 17:33:30 | 03-12-2025 19:49:29 | 01-12-2025 06:45:58 | 30-11-2025 11:46:57 | 29-11-2025 19:07:41 | 29-11-2025 11:07:34 | 28-11-2025 19:28:58 | 28-11-2025 12:24:16 | 27-11-2025 11:55:42 | 26-11-2025 19:42:07 | 25-11-2025 06:49:27 | 24-11-2025 10:55:22 | 23-11-2025 20:22:06 | 22-11-2025 12:31:40 | 21-11-2025 19:08:27 | 21-11-2025 06:54:12 | 20-11-2025 11:02:48 | 18-11-2025 06:34:49 | 17-11-2025 10:46:32 | 17-11-2025 07:59:40 | 17-11-2025 07:58:22 | 17-11-2025 07:05:14 | 16-11-2025 11:47:15 | 15-11-2025 11:54:47 | 14-11-2025 11:54:23 | 12-11-2025 11:31:52 | 11-11-2025 11:50:42 | 10-11-2025 20:02:23 | 09-11-2025 11:36:25 | 08-11-2025 11:43:03 | 07-11-2025 11:16:25 | 05-11-2025 10:52:55 | 04-11-2025 13:42:01 | 03-11-2025 12:39:43 | 01-11-2025 06:55:27 | 31-10-2025 11:16:06 | 30-10-2025 18:09:25 | 29-10-2025 12:28:08 | 28-10-2025 19:16:03 | 28-10-2025 07:54:26 | 26-10-2025 18:37:20 | 26-10-2025 07:31:36 | 24-10-2025 19:22:29 | 22-10-2025 07:59:35 | 21-10-2025 12:34:46 | 20-10-2025 20:00:50 | 19-10-2025 15:16:03 | 19-10-2025 11:46:04 | 19-10-2025 09:22:27 | 18-10-2025 21:58:54 | 18-10-2025 13:14:47 | 18-10-2025 13:10:34 | 18-10-2025 13:09:35 | 18-10-2025 11:45:38 | 18-10-2025 10:58:18 | 16-10-2025 19:54:11 | 15-10-2025 17:50:34 | 15-10-2025 17:33:23 | 15-10-2025 06:26:35 | 14-10-2025 18:19:03 | 14-10-2025 18:07:41 | 13-10-2025 06:47:54 | 12-10-2025 13:13:25 | 12-10-2025 11:54:39 | 11-10-2025 22:09:42 | 11-10-2025 21:44:35 | 11-10-2025 10:01:18 | 10-10-2025 14:32:20 | 10-10-2025 10:23:56 | 09-10-2025 23:17:27 | 09-10-2025 22:48:13 | 09-10-2025 10:30:32 | 08-10-2025 19:43:44 | 08-10-2025 18:56:29 | 06-10-2025 20:15:44 | 06-10-2025 12:35:11 | 06-10-2025 10:30:04 | 05-10-2025 12:33:46 | 04-10-2025 23:24:43 | 04-10-2025 12:48:18 | 02-10-2025 20:54:20 | 02-10-2025 18:51:55 | 29-09-2025 19:48:24 | 29-09-2025 10:07:55 | 28-09-2025 22:54:11 | 28-09-2025 22:39:42 | 28-09-2025 12:58:09 | 27-09-2025 19:18:16 | 27-09-2025 11:39:10 | 26-09-2025 23:02:23 | 26-09-2025 19:03:32 | 26-09-2025 18:51:49 | 25-09-2025 19:25:50 | 23-09-2025 19:57:00 | 23-09-2025 11:24:26 | 23-09-2025 11:06:39 | 22-09-2025 22:32:32 | 22-09-2025 22:29:48 | 20-09-2025 18:33:53 | 20-09-2025 15:37:31 | 20-09-2025 13:42:25 | 19-09-2025 10:45:51 | 18-09-2025 18:51:32 | 17-09-2025 21:40:34 | 17-09-2025 19:12:22 | 16-09-2025 22:28:32 | 16-09-2025 19:29:51 | 15-09-2025 20:13:36 | 15-09-2025 19:30:12 | 14-09-2025 22:23:34 | 14-09-2025 11:56:20 | 14-09-2025 11:20:17 | 13-09-2025 20:09:16 | 12-09-2025 23:54:40 | 12-09-2025 18:47:59 | 10-09-2025 21:32:11 | 10-09-2025 19:08:27 | 10-09-2025 08:18:23 | 09-09-2025 07:40:43 | 08-09-2025 20:08:10 | 08-09-2025 10:43:16 | 07-09-2025 17:17:25 | 06-09-2025 11:48:40 | 05-09-2025 11:40:34 | 04-09-2025 12:54:21 | 04-09-2025 08:58:18 | 03-09-2025 15:27:51 | 02-09-2025 08:28:44 | 01-09-2025 20:39:21 | 01-09-2025 20:33:21 | 30-08-2025 12:11:38 | 28-08-2025 09:56:42 | 28-08-2025 09:45:27 | 27-08-2025 22:13:56 | 27-08-2025 21:22:36 | 27-08-2025 16:16:23 | 26-08-2025 22:32:47 | 25-08-2025 17:59:51 | 25-08-2025 11:54:06 | 24-08-2025 20:29:09 | 21-08-2025 19:10:06 | 21-08-2025 07:10:11 | 19-08-2025 20:23:10 | 19-08-2025 20:15:47 | 18-08-2025 19:56:55 | 17-08-2025 18:18:12 | 16-08-2025 15:29:23 | 15-08-2025 10:45:04 | 13-08-2025 19:10:22 | 12-08-2025 16:34:46 | 11-08-2025 11:51:10 | 10-08-2025 22:14:01 | 10-08-2025 11:20:24 | 08-08-2025 12:30:30 | 07-08-2025 18:46:54 | 06-08-2025 10:43:03 | 04-08-2025 14:41:14 | 04-08-2025 14:17:42 | 04-08-2025 12:32:42 | 03-08-2025 18:49:47 | 01-08-2025 18:34:49 | 31-07-2025 10:27:22 | 30-07-2025 23:41:49 | 29-07-2025 11:55:53 | 29-07-2025 09:42:32 | 28-07-2025 20:28:41 | 27-07-2025 19:25:43 | 27-07-2025 12:39:10 | 26-07-2025 19:43:47 | 25-07-2025 18:45:53 | 25-07-2025 10:34:38 | 24-07-2025 20:17:18 | 22-07-2025 22:21:34 | 22-07-2025 20:38:47 | 21-07-2025 19:21:11 | 20-07-2025 12:21:42 | 19-07-2025 17:51:12 | 19-07-2025 15:21:37 | 17-07-2025 18:45:21 | 13-07-2025 22:33:30 | 13-07-2025 22:16:58 | 10-07-2025 22:45:34 | 10-07-2025 19:04:06 | 08-07-2025 18:33:40 | 06-07-2025 12:32:12 | 05-07-2025 18:48:37 | 02-07-2025 19:31:11 | 02-07-2025 13:30:10 | 29-06-2025 14:49:21 | 26-06-2025 22:19:19 | 23-06-2025 11:45:27 | 19-06-2025 12:22:32 | 18-06-2025 23:16:25 | 18-06-2025 18:42:30 | 18-06-2025 14:00:25 | 17-06-2025 21:25:22 | 17-06-2025 11:15:32 | 16-06-2025 19:32:01 | 15-06-2025 17:57:20 | 15-06-2025 11:04:09 | 14-06-2025 19:20:37 | 14-06-2025 12:13:54 | 13-06-2025 12:16:21 | 12-06-2025 12:52:27 | 11-06-2025 22:51:21 | 11-06-2025 19:19:03 | 10-06-2025 18:42:10 | 10-06-2025 12:49:10 | 08-06-2025 10:50:34 | 07-06-2025 16:34:41 | 07-06-2025 11:11:34 | 05-06-2025 11:27:04 | 03-06-2025 11:42:11 | 02-06-2025 06:39:56 | 01-06-2025 11:26:30 | 31-05-2025 10:26:11 | 30-05-2025 19:03:13 | 30-05-2025 11:33:08 | 28-05-2025 10:41:59 | 25-05-2025 17:37:05 | 24-05-2025 10:42:54 | 21-05-2025 15:30:55 | 21-05-2025 10:13:56 | 20-05-2025 21:09:42 | 20-05-2025 11:02:38 | 17-05-2025 19:45:14 | 16-05-2025 10:13:50 | 15-05-2025 21:44:26 | 15-05-2025 21:40:50 | 15-05-2025 12:42:44 | 15-05-2025 12:40:18 | 15-05-2025 12:38:41 | 15-05-2025 10:23:42 | 14-05-2025 19:00:58 | 13-05-2025 13:15:24 | 12-05-2025 18:42:32 | 12-05-2025 12:46:42 | 12-05-2025 10:20:44 | 11-05-2025 19:33:37 | 11-05-2025 14:43:45 | 10-05-2025 09:50:02 | 10-05-2025 06:22:44 | 09-05-2025 18:54:03 | 09-05-2025 15:22:21 | 08-05-2025 11:35:36 | 08-05-2025 08:53:34 | 07-05-2025 18:41:33 | 07-05-2025 14:25:51 | 06-05-2025 19:09:45 | 05-05-2025 14:04:12 | 05-05-2025 11:54:52 | 04-05-2025 18:59:36 | 03-05-2025 11:27:31 | 01-05-2025 11:05:12 | 28-04-2025 19:21:51 | 27-04-2025 11:27:36 | 25-04-2025 09:42:34 | 24-04-2025 19:07:34 | 21-04-2025 10:24:15 | 20-04-2025 21:22:15 | 12-04-2025 11:59:27 | 10-04-2025 17:55:10 | 09-04-2025 19:04:44 | 09-04-2025 15:34:44 | 09-04-2025 13:52:14 | 09-04-2025 09:25:17 | 06-04-2025 12:42:57 | 05-04-2025 11:32:51 | 04-04-2025 19:47:39 | 03-04-2025 21:16:35 | 01-04-2025 19:28:43 | 31-03-2025 19:21:51 | 31-03-2025 10:46:19 | 31-03-2025 08:11:37 | 28-03-2025 17:18:16 | 28-03-2025 06:26:05 | 27-03-2025 19:35:13 | 26-03-2025 19:45:23 | 26-03-2025 18:11:12 | 23-03-2025 12:06:27,Microsoft-Windows-Kernel-EventTracing,4 | 1
PnP,173,Error,13-07-2026 18:59:04 | 13-07-2026 12:29:50 | 12-07-2026 11:08:28 | 11-07-2026 21:30:03 | 10-07-2026 22:34:04 | 10-07-2026 19:51:09 | 10-07-2026 12:20:21 | 09-07-2026 18:00:33 | 09-07-2026 12:38:40 | 08-07-2026 19:13:45 | 08-07-2026 14:52:20 | 08-07-2026 00:04:11 | 07-07-2026 14:53:29 | 05-07-2026 19:28:07 | 04-07-2026 16:22:03 | 03-07-2026 22:43:05 | 02-07-2026 11:09:01 | 01-07-2026 22:10:49 | 26-06-2026 11:16:16 | 26-06-2026 09:37:16 | 24-06-2026 07:57:25 | 23-06-2026 18:45:32 | 22-06-2026 19:12:51 | 22-06-2026 11:47:52 | 21-06-2026 11:33:44 | 20-06-2026 11:49:52 | 18-06-2026 21:40:01 | 18-06-2026 18:03:52 | 16-06-2026 17:18:24 | 14-06-2026 11:42:10 | 13-06-2026 15:42:36 | 13-06-2026 12:21:41 | 12-06-2026 19:34:03 | 12-06-2026 11:37:08 | 11-06-2026 08:21:34 | 10-06-2026 11:45:29 | 09-06-2026 12:54:56 | 08-06-2026 22:45:18 | 08-06-2026 19:30:51 | 08-06-2026 16:58:54 | 03-06-2026 09:44:08 | 02-06-2026 21:48:04 | 02-06-2026 10:08:54 | 01-06-2026 09:30:44 | 30-05-2026 19:53:07 | 30-05-2026 09:40:06 | 29-05-2026 10:51:01 | 28-05-2026 19:21:32 | 28-05-2026 10:16:05 | 27-05-2026 11:51:14 | 26-05-2026 12:12:02 | 23-05-2026 18:19:49 | 19-05-2026 11:34:12 | 18-05-2026 20:31:10 | 18-05-2026 10:23:49 | 17-05-2026 12:55:31 | 16-05-2026 12:11:26 | 15-05-2026 11:30:37 | 13-05-2026 11:30:58 | 08-05-2026 22:26:24 | 06-05-2026 07:24:29 | 05-05-2026 10:42:09 | 04-05-2026 11:50:16 | 03-05-2026 11:54:36 | 02-05-2026 10:48:02 | 01-05-2026 07:37:00 | 30-04-2026 22:41:15 | 30-04-2026 07:15:24 | 29-04-2026 11:39:17 | 28-04-2026 10:59:45 | 27-04-2026 11:36:13 | 26-04-2026 11:41:20 | 25-04-2026 13:06:57 | 25-04-2026 10:03:49 | 24-04-2026 13:38:54 | 23-04-2026 14:48:34 | 22-04-2026 10:33:19 | 17-04-2026 14:36:18 | 17-04-2026 12:13:21 | 12-04-2026 11:24:49 | 11-04-2026 11:43:39 | 10-04-2026 11:16:11 | 09-04-2026 20:22:00 | 09-04-2026 11:35:05 | 07-04-2026 07:40:31 | 06-04-2026 19:33:33 | 01-04-2026 10:39:29 | 31-03-2026 09:21:25 | 30-03-2026 18:47:31 | 29-03-2026 22:19:29 | 28-03-2026 15:48:19 | 28-03-2026 12:24:28 | 27-03-2026 11:12:09 | 26-03-2026 12:51:53 | 25-03-2026 13:44:54 | 25-03-2026 06:48:48 | 24-03-2026 18:24:40 | 24-03-2026 11:44:55 | 23-03-2026 21:52:41 | 23-03-2026 07:46:52 | 22-03-2026 07:03:09 | 21-03-2026 11:24:56 | 20-03-2026 08:05:40 | 19-03-2026 18:27:08 | 18-03-2026 16:07:56 | 18-03-2026 07:29:31 | 17-03-2026 11:13:28 | 17-03-2026 06:55:27 | 16-03-2026 07:53:26 | 15-03-2026 18:45:18 | 15-03-2026 11:54:57 | 14-03-2026 10:50:49 | 12-03-2026 07:54:15 | 11-03-2026 10:42:32 | 10-03-2026 11:27:37 | 08-03-2026 12:58:49 | 07-03-2026 17:40:18 | 07-03-2026 12:03:08 | 06-03-2026 11:39:56 | 04-03-2026 11:31:23 | 03-03-2026 16:46:26 | 02-03-2026 11:25:52 | 01-03-2026 12:02:42 | 28-02-2026 12:05:32 | 27-02-2026 11:10:50 | 26-02-2026 18:43:37 | 26-02-2026 07:33:08 | 25-02-2026 17:49:07 | 22-02-2026 20:41:10 | 21-02-2026 19:58:26 | 21-02-2026 09:19:43 | 19-02-2026 14:17:32 | 19-02-2026 06:37:04 | 18-02-2026 12:52:06 | 18-02-2026 08:45:30 | 16-02-2026 23:02:51 | 16-02-2026 20:18:59 | 16-02-2026 10:52:57 | 15-02-2026 17:16:34 | 14-02-2026 08:39:24 | 13-02-2026 07:09:17 | 12-02-2026 20:00:42 | 12-02-2026 14:44:07 | 12-02-2026 11:03:40 | 11-02-2026 11:31:38 | 10-02-2026 11:51:57 | 09-02-2026 11:38:46 | 08-02-2026 11:59:12 | 07-02-2026 18:34:04 | 07-02-2026 11:25:36 | 06-02-2026 18:56:00 | 06-02-2026 10:45:40 | 05-02-2026 11:40:51 | 04-02-2026 10:44:07 | 01-02-2026 22:42:41 | 01-02-2026 18:42:09 | 01-02-2026 12:37:13 | 31-01-2026 19:08:28 | 31-01-2026 11:24:04 | 30-01-2026 11:42:01 | 29-01-2026 18:35:54 | 28-01-2026 15:11:15 | 27-01-2026 16:34:27 | 26-01-2026 08:35:03 | 25-01-2026 18:57:35 | 25-01-2026 12:39:51 | 25-01-2026 09:12:42 | 24-01-2026 13:58:28 | 22-01-2026 08:17:08 | 21-01-2026 10:24:03 | 20-01-2026 12:57:01 | 20-01-2026 07:52:53 | 19-01-2026 14:29:47,Microsoft-Windows-NDIS,10317
Search service,1,Warning,10-07-2026 19:56:06,Microsoft-Windows-Search,1015
Session,1200,Error,13-07-2026 19:45:12 | 13-07-2026 18:59:26 | 13-07-2026 12:32:33 | 13-07-2026 12:30:24 | 12-07-2026 11:11:57 | 12-07-2026 11:09:02 | 11-07-2026 21:33:28 | 11-07-2026 21:30:53 | 10-07-2026 22:37:43 | 10-07-2026 22:34:26 | 10-07-2026 19:53:51 | 10-07-2026 19:51:46 | 10-07-2026 12:22:49 | 10-07-2026 12:20:47 | 09-07-2026 18:03:07 | 09-07-2026 18:00:55 | 09-07-2026 16:07:44 | 09-07-2026 16:07:11 | 09-07-2026 15:19:39 | 09-07-2026 15:15:59 | 09-07-2026 12:41:37 | 09-07-2026 12:39:26 | 08-07-2026 19:17:02 | 08-07-2026 19:14:16 | 08-07-2026 14:52:44 | 08-07-2026 00:06:34 | 08-07-2026 00:04:37 | 07-07-2026 14:56:39 | 07-07-2026 14:54:49 | 07-07-2026 14:53:56 | 05-07-2026 19:34:10 | 05-07-2026 19:31:59 | 05-07-2026 19:29:02 | 04-07-2026 16:25:30 | 04-07-2026 16:22:48 | 03-07-2026 22:45:53 | 03-07-2026 22:43:51 | 03-07-2026 22:43:28 | 02-07-2026 11:12:25 | 02-07-2026 11:10:20 | 01-07-2026 22:13:53 | 01-07-2026 22:11:14 | 01-07-2026 20:02:44 | 01-07-2026 19:59:57 | 01-07-2026 14:52:13 | 01-07-2026 14:48:23 | 01-07-2026 14:46:09 | 26-06-2026 19:57:32 | 26-06-2026 19:57:18 | 26-06-2026 11:16:40 | 26-06-2026 09:40:31 | 26-06-2026 09:38:22 | 26-06-2026 09:37:47 | 24-06-2026 08:03:09 | 24-06-2026 07:57:50 | 23-06-2026 19:22:54 | 23-06-2026 18:48:30 | 23-06-2026 18:46:09 | 22-06-2026 19:16:06 | 22-06-2026 19:13:18 | 22-06-2026 11:50:42 | 22-06-2026 11:48:24 | 21-06-2026 11:48:08 | 21-06-2026 11:36:49 | 21-06-2026 11:34:14 | 20-06-2026 11:52:48 | 20-06-2026 11:50:51 | 19-06-2026 11:55:52 | 19-06-2026 11:55:19 | 18-06-2026 18:06:15 | 18-06-2026 18:05:00 | 16-06-2026 17:58:47 | 16-06-2026 17:57:13 | 16-06-2026 17:56:20 | 16-06-2026 17:55:39 | 16-06-2026 17:21:01 | 16-06-2026 17:19:56 | 14-06-2026 11:42:51 | 13-06-2026 15:45:21 | 13-06-2026 15:43:12 | 13-06-2026 12:24:25 | 13-06-2026 12:22:59 | 13-06-2026 12:22:13 | 12-06-2026 19:36:20 | 12-06-2026 19:34:35 | 12-06-2026 11:39:42 | 12-06-2026 11:37:54 | 11-06-2026 08:24:48 | 11-06-2026 08:22:01 | 10-06-2026 21:50:54 | 10-06-2026 21:50:38 | 10-06-2026 11:48:23 | 10-06-2026 11:45:59 | 10-06-2026 11:45:46 | 09-06-2026 13:01:43 | 09-06-2026 13:00:11 | 09-06-2026 12:55:18 | 08-06-2026 23:04:15 | 08-06-2026 22:45:44 | 08-06-2026 19:41:16 | 08-06-2026 19:31:14 | 08-06-2026 17:00:00 | 08-06-2026 16:59:38 | 07-06-2026 23:03:25 | 07-06-2026 22:38:40 | 03-06-2026 22:02:21 | 03-06-2026 22:01:14 | 03-06-2026 22:01:06 | 03-06-2026 10:03:37 | 03-06-2026 09:44:35 | 02-06-2026 22:03:27 | 02-06-2026 21:48:29 | 02-06-2026 15:04:37 | 02-06-2026 10:32:40 | 02-06-2026 10:14:57 | 01-06-2026 23:29:24 | 01-06-2026 09:36:49 | 01-06-2026 09:34:51 | 01-06-2026 09:31:31 | 30-05-2026 20:04:18 | 30-05-2026 19:53:39 | 30-05-2026 11:17:51 | 30-05-2026 09:45:07 | 30-05-2026 09:40:35 | 29-05-2026 11:00:06 | 29-05-2026 10:51:32 | 28-05-2026 19:35:35 | 28-05-2026 19:22:00 | 27-05-2026 11:57:25 | 27-05-2026 11:51:45 | 26-05-2026 12:19:52 | 26-05-2026 12:12:53 | 25-05-2026 19:06:16 | 23-05-2026 18:26:18 | 23-05-2026 18:21:02 | 19-05-2026 11:41:42 | 19-05-2026 11:34:39 | 19-05-2026 11:34:29 | 18-05-2026 20:35:56 | 18-05-2026 20:31:43 | 18-05-2026 10:33:36 | 18-05-2026 10:32:17 | 17-05-2026 14:15:15 | 17-05-2026 12:55:58 | 16-05-2026 12:18:16 | 16-05-2026 12:12:40 | 15-05-2026 13:10:24 | 15-05-2026 13:10:17 | 15-05-2026 11:32:53 | 15-05-2026 11:31:37 | 14-05-2026 22:56:40 | 14-05-2026 22:18:39 | 13-05-2026 13:00:04 | 13-05-2026 13:00:03 | 13-05-2026 12:43:24 | 13-05-2026 12:42:13 | 13-05-2026 12:41:35 | 13-05-2026 11:31:52 | 12-05-2026 11:04:18 | 12-05-2026 11:04:01 | 09-05-2026 12:49:45 | 09-05-2026 12:49:26 | 08-05-2026 22:41:31 | 08-05-2026 22:26:48 | 08-05-2026 18:10:19 | 08-05-2026 18:10:01 | 06-05-2026 07:35:19 | 06-05-2026 07:24:58 | 05-05-2026 12:13:52 | 05-05-2026 10:57:14 | 05-05-2026 10:42:39 | 04-05-2026 12:38:05 | 04-05-2026 12:37:55 | 04-05-2026 11:56:50 | 04-05-2026 11:51:34 | 04-05-2026 11:50:32 | 03-05-2026 12:21:50 | 03-05-2026 11:55:04 | 02-05-2026 13:12:42 | 02-05-2026 13:12:23 | 01-05-2026 07:56:27 | 01-05-2026 07:37:50 | 30-04-2026 23:11:09 | 30-04-2026 22:41:35 | 30-04-2026 07:20:41 | 30-04-2026 07:15:54 | 27-04-2026 11:41:41 | 27-04-2026 11:36:49 | 26-04-2026 11:56:49 | 26-04-2026 11:41:51 | 25-04-2026 19:08:44 | 25-04-2026 13:30:40 | 25-04-2026 13:07:20 | 24-04-2026 13:50:35 | 24-04-2026 13:39:20 | 24-04-2026 11:50:44 | 24-04-2026 11:36:30 | 23-04-2026 19:47:59 | 23-04-2026 14:49:00 | 22-04-2026 10:43:23 | 22-04-2026 10:33:43 | 20-04-2026 20:06:59 | 20-04-2026 20:04:02 | 20-04-2026 20:03:22 | 20-04-2026 20:02:42 | 20-04-2026 13:01:55 | 20-04-2026 12:38:46 | 19-04-2026 19:53:10 | 19-04-2026 19:49:35 | 19-04-2026 19:49:32 | 19-04-2026 19:13:07 | 19-04-2026 12:43:33 | 19-04-2026 12:38:50 | 17-04-2026 14:55:32 | 17-04-2026 12:19:05 | 17-04-2026 12:13:54 | 16-04-2026 22:08:52 | 16-04-2026 22:07:34 | 13-04-2026 17:41:46 | 13-04-2026 17:40:45 | 12-04-2026 11:32:49 | 12-04-2026 11:25:17 | 11-04-2026 20:54:26 | 10-04-2026 11:21:34 | 10-04-2026 11:16:33 | 09-04-2026 20:28:25 | 09-04-2026 20:22:25 | 09-04-2026 11:39:02 | 09-04-2026 11:36:09 | 08-04-2026 12:07:49 | 08-04-2026 12:05:41 | 07-04-2026 07:47:07 | 07-04-2026 07:40:56 | 06-04-2026 19:39:32 | 06-04-2026 19:34:20 | 05-04-2026 11:16:49 | 01-04-2026 10:44:21 | 01-04-2026 10:40:20 | 31-03-2026 09:32:28 | 31-03-2026 09:24:33 | 31-03-2026 09:21:48 | 30-03-2026 18:49:51 | 30-03-2026 18:47:59 | 29-03-2026 22:25:33 | 29-03-2026 22:21:13 | 28-03-2026 15:52:05 | 28-03-2026 15:48:51 | 28-03-2026 12:37:05 | 28-03-2026 12:36:52 | 28-03-2026 12:28:17 | 27-03-2026 11:35:01 | 27-03-2026 11:12:35 | 26-03-2026 13:05:31 | 26-03-2026 12:52:34 | 25-03-2026 13:56:09 | 25-03-2026 13:56:01 | 25-03-2026 07:14:18 | 25-03-2026 06:49:16 | 24-03-2026 18:40:16 | 24-03-2026 18:25:05 | 24-03-2026 11:48:09 | 24-03-2026 11:45:24 | 23-03-2026 21:58:41 | 23-03-2026 21:53:04 | 23-03-2026 07:54:07 | 23-03-2026 07:47:18 | 22-03-2026 07:15:23 | 22-03-2026 07:09:11 | 22-03-2026 07:03:46 | 21-03-2026 18:13:08 | 21-03-2026 11:32:06 | 21-03-2026 11:25:22 | 20-03-2026 08:16:09 | 20-03-2026 08:06:05 | 19-03-2026 18:30:09 | 19-03-2026 18:27:40 | 18-03-2026 16:10:27 | 18-03-2026 16:09:08 | 18-03-2026 07:57:10 | 18-03-2026 07:57:05 | 18-03-2026 07:41:52 | 18-03-2026 07:30:04 | 17-03-2026 11:28:03 | 17-03-2026 11:25:24 | 17-03-2026 07:00:38 | 17-03-2026 06:56:05 | 16-03-2026 08:03:28 | 16-03-2026 07:53:50 | 15-03-2026 18:50:58 | 15-03-2026 18:45:40 | 15-03-2026 13:08:29 | 15-03-2026 13:07:38 | 15-03-2026 13:06:50 | 15-03-2026 12:01:00 | 15-03-2026 11:58:40 | 15-03-2026 11:55:27 | 14-03-2026 13:30:01 | 14-03-2026 10:56:36 | 14-03-2026 10:51:20 | 13-03-2026 11:25:19 | 13-03-2026 11:20:38 | 12-03-2026 08:22:17 | 12-03-2026 08:19:01 | 11-03-2026 20:10:01 | 11-03-2026 20:09:30 | 11-03-2026 10:49:21 | 11-03-2026 10:45:16 | 10-03-2026 11:33:40 | 10-03-2026 11:28:08 | 08-03-2026 13:26:49 | 08-03-2026 13:04:52 | 08-03-2026 12:59:13 | 07-03-2026 18:10:58 | 07-03-2026 17:40:44 | 07-03-2026 12:14:15 | 07-03-2026 12:04:10 | 07-03-2026 12:03:34 | 06-03-2026 11:48:15 | 06-03-2026 11:40:59 | 06-03-2026 11:40:20 | 03-03-2026 16:53:09 | 03-03-2026 16:53:04 | 03-03-2026 16:46:48 | 02-03-2026 11:29:58 | 02-03-2026 11:26:14 | 01-03-2026 12:03:10 | 01-03-2026 12:02:54 | 28-02-2026 10:24:15 | 28-02-2026 10:23:19 | 28-02-2026 10:23:17 | 27-02-2026 11:15:58 | 27-02-2026 11:11:14 | 26-02-2026 18:51:00 | 26-02-2026 18:44:03 | 26-02-2026 07:43:15 | 26-02-2026 07:34:10 | 25-02-2026 17:51:14 | 25-02-2026 17:49:58 | 25-02-2026 17:49:27 | 22-02-2026 20:43:37 | 22-02-2026 20:41:52 | 21-02-2026 09:20:45 | 19-02-2026 14:44:39 | 19-02-2026 14:17:51 | 19-02-2026 13:56:40 | 19-02-2026 13:51:06 | 19-02-2026 06:57:34 | 19-02-2026 06:37:28 | 18-02-2026 13:07:11 | 18-02-2026 13:02:07 | 18-02-2026 08:52:16 | 18-02-2026 08:50:17 | 18-02-2026 08:46:00 | 18-02-2026 08:45:51 | 16-02-2026 23:09:19 | 16-02-2026 23:03:19 | 16-02-2026 20:24:15 | 16-02-2026 20:19:21 | 16-02-2026 11:03:37 | 16-02-2026 10:53:23 | 15-02-2026 18:04:58 | 15-02-2026 17:16:56 | 14-02-2026 18:06:18 | 14-02-2026 18:05:23 | 14-02-2026 11:42:42 | 14-02-2026 11:37:44 | 14-02-2026 11:37:41 | 14-02-2026 11:32:44 | 14-02-2026 11:32:28 | 14-02-2026 11:00:41 | 14-02-2026 10:59:52 | 14-02-2026 10:57:26 | 14-02-2026 10:56:53 | 14-02-2026 10:56:19 | 14-02-2026 08:49:38 | 14-02-2026 08:39:50 | 13-02-2026 07:28:27 | 13-02-2026 07:09:37 | 12-02-2026 20:06:42 | 12-02-2026 20:04:12 | 12-02-2026 14:57:02 | 12-02-2026 14:44:43 | 12-02-2026 11:08:28 | 12-02-2026 11:04:11 | 11-02-2026 11:40:31 | 11-02-2026 11:32:08 | 10-02-2026 12:56:12 | 10-02-2026 11:55:39 | 10-02-2026 11:52:27 | 09-02-2026 11:43:46 | 09-02-2026 11:40:04 | 09-02-2026 11:39:00 | 08-02-2026 12:05:22 | 08-02-2026 11:59:56 | 07-02-2026 18:45:08 | 07-02-2026 18:34:45 | 07-02-2026 11:31:35 | 07-02-2026 11:26:07 | 06-02-2026 19:01:17 | 06-02-2026 18:56:21 | 06-02-2026 10:52:46 | 06-02-2026 10:46:05 | 05-02-2026 11:41:16 | 04-02-2026 11:00:54 | 04-02-2026 10:44:46 | 03-02-2026 22:30:11 | 03-02-2026 10:05:39 | 03-02-2026 10:05:25 | 01-02-2026 22:48:29 | 01-02-2026 22:43:14 | 01-02-2026 18:48:08 | 01-02-2026 18:42:35 | 01-02-2026 12:43:16 | 01-02-2026 12:37:37 | 31-01-2026 19:14:08 | 31-01-2026 19:08:49 | 31-01-2026 13:45:07 | 31-01-2026 13:45:00 | 31-01-2026 11:34:43 | 31-01-2026 11:24:40 | 30-01-2026 11:46:47 | 30-01-2026 11:43:11 | 29-01-2026 18:42:27 | 29-01-2026 18:36:14 | 29-01-2026 10:49:26 | 29-01-2026 10:44:09 | 28-01-2026 19:32:46 | 28-01-2026 19:31:38 | 28-01-2026 15:14:23 | 28-01-2026 15:14:13 | 28-01-2026 10:47:54 | 28-01-2026 10:44:05 | 27-01-2026 16:40:30 | 27-01-2026 16:34:49 | 27-01-2026 14:41:13 | 27-01-2026 11:11:50 | 27-01-2026 11:07:37 | 26-01-2026 11:15:37 | 26-01-2026 11:09:38 | 26-01-2026 08:45:16 | 26-01-2026 08:35:28 | 25-01-2026 19:05:15 | 25-01-2026 18:57:56 | 25-01-2026 13:54:27 | 25-01-2026 12:40:11 | 25-01-2026 09:22:46 | 25-01-2026 09:18:45 | 25-01-2026 09:13:05 | 24-01-2026 19:06:02 | 24-01-2026 14:04:29 | 24-01-2026 13:59:13 | 21-01-2026 10:34:34 | 21-01-2026 10:24:27 | 20-01-2026 19:19:27 | 20-01-2026 19:19:18 | 20-01-2026 12:57:33 | 20-01-2026 07:58:56 | 20-01-2026 07:53:24 | 19-01-2026 14:31:54 | 19-01-2026 14:30:54 | 19-01-2026 12:33:03 | 19-01-2026 12:28:00 | 19-01-2026 12:27:50 | 19-01-2026 10:14:39 | 19-01-2026 10:14:04 | 18-01-2026 20:13:29 | 18-01-2026 20:12:59 | 18-01-2026 20:12:01 | 18-01-2026 20:09:36 | 18-01-2026 20:09:06 | 18-01-2026 12:28:53 | 18-01-2026 12:18:51 | 18-01-2026 12:13:14 | 17-01-2026 18:39:48 | 17-01-2026 12:18:01 | 17-01-2026 11:51:56 | 16-01-2026 22:16:57 | 16-01-2026 22:03:44 | 16-01-2026 11:53:53 | 16-01-2026 11:31:24 | 15-01-2026 12:21:12 | 15-01-2026 12:14:34 | 15-01-2026 12:14:20 | 12-01-2026 11:15:40 | 12-01-2026 11:11:07 | 10-01-2026 18:06:10 | 10-01-2026 15:34:14 | 10-01-2026 15:22:27 | 09-01-2026 10:41:06 | 09-01-2026 10:40:10 | 09-01-2026 08:02:26 | 09-01-2026 07:52:47 | 08-01-2026 11:50:15 | 08-01-2026 11:30:26 | 07-01-2026 20:24:48 | 07-01-2026 19:51:43 | 07-01-2026 15:46:03 | 07-01-2026 15:18:07 | 07-01-2026 10:46:51 | 07-01-2026 10:26:55 | 06-01-2026 19:01:27 | 06-01-2026 18:48:59 | 06-01-2026 12:29:06 | 06-01-2026 11:53:39 | 06-01-2026 09:32:26 | 06-01-2026 09:17:22 | 06-01-2026 09:16:25 | 05-01-2026 20:20:11 | 05-01-2026 19:41:32 | 05-01-2026 10:39:28 | 05-01-2026 10:22:37 | 04-01-2026 13:49:00 | 04-01-2026 12:57:00 | 03-01-2026 11:27:40 | 03-01-2026 11:27:22 | 03-01-2026 00:32:18 | 02-01-2026 11:29:06 | 02-01-2026 11:18:21 | 01-01-2026 23:48:36 | 01-01-2026 23:22:14 | 01-01-2026 20:36:50 | 01-01-2026 20:16:53 | 31-12-2025 10:19:23 | 31-12-2025 10:19:11 | 29-12-2025 21:30:39 | 29-12-2025 21:16:49 | 29-12-2025 21:16:32 | 28-12-2025 18:12:14 | 28-12-2025 17:55:44 | 28-12-2025 11:36:32 | 28-12-2025 11:16:00 | 28-12-2025 11:05:38 | 27-12-2025 15:16:34 | 27-12-2025 15:02:03 | 27-12-2025 10:12:35 | 27-12-2025 09:54:47 | 26-12-2025 20:17:07 | 26-12-2025 20:02:06 | 25-12-2025 12:29:03 | 25-12-2025 11:03:13 | 24-12-2025 19:01:38 | 24-12-2025 18:32:51 | 23-12-2025 22:59:43 | 23-12-2025 22:23:33 | 23-12-2025 20:00:38 | 23-12-2025 19:09:45 | 23-12-2025 10:57:25 | 23-12-2025 10:48:15 | 22-12-2025 17:33:36 | 22-12-2025 17:18:56 | 22-12-2025 17:18:48 | 21-12-2025 20:02:07 | 21-12-2025 19:33:02 | 20-12-2025 18:06:47 | 20-12-2025 18:06:37 | 20-12-2025 11:57:44 | 20-12-2025 11:51:25 | 19-12-2025 12:09:42 | 19-12-2025 11:48:56 | 18-12-2025 15:32:43 | 18-12-2025 15:27:07 | 16-12-2025 18:46:56 | 16-12-2025 18:46:35 | 16-12-2025 18:40:42 | 16-12-2025 07:58:28 | 16-12-2025 07:44:05 | 15-12-2025 16:03:58 | 15-12-2025 15:46:05 | 14-12-2025 12:23:20 | 14-12-2025 11:51:18 | 14-12-2025 11:50:05 | 14-12-2025 11:08:10 | 14-12-2025 10:59:00 | 14-12-2025 10:53:22 | 13-12-2025 19:03:08 | 13-12-2025 18:39:00 | 13-12-2025 11:53:00 | 13-12-2025 11:24:14 | 12-12-2025 11:53:22 | 12-12-2025 11:29:49 | 12-12-2025 08:09:39 | 12-12-2025 07:49:41 | 11-12-2025 18:54:21 | 11-12-2025 18:43:24 | 09-12-2025 15:29:04 | 09-12-2025 11:34:23 | 09-12-2025 11:19:09 | 08-12-2025 11:25:18 | 08-12-2025 10:10:41 | 07-12-2025 13:25:39 | 07-12-2025 12:20:51 | 06-12-2025 11:05:16 | 06-12-2025 10:23:12 | 05-12-2025 17:33:30 | 05-12-2025 17:32:18 | 05-12-2025 11:33:28 | 03-12-2025 19:50:08 | 03-12-2025 19:49:29 | 01-12-2025 06:45:58 | 01-12-2025 06:10:30 | 30-11-2025 11:46:57 | 30-11-2025 11:40:24 | 30-11-2025 11:04:09 | 29-11-2025 19:07:41 | 29-11-2025 18:30:26 | 29-11-2025 11:07:34 | 29-11-2025 10:54:37 | 29-11-2025 10:54:22 | 28-11-2025 19:28:58 | 28-11-2025 18:57:35 | 28-11-2025 12:24:16 | 28-11-2025 12:04:58 | 27-11-2025 11:55:42 | 27-11-2025 11:37:17 | 26-11-2025 19:42:07 | 26-11-2025 19:31:36 | 25-11-2025 06:49:27 | 25-11-2025 06:16:33 | 24-11-2025 10:55:22 | 24-11-2025 10:04:13 | 23-11-2025 20:22:06 | 23-11-2025 20:18:21 | 22-11-2025 19:53:31 | 22-11-2025 12:31:40 | 22-11-2025 11:40:03 | 21-11-2025 19:08:27 | 21-11-2025 19:01:11 | 21-11-2025 06:54:12 | 21-11-2025 06:42:35 | 20-11-2025 11:02:48 | 20-11-2025 10:36:41 | 18-11-2025 06:34:49 | 18-11-2025 06:03:27 | 17-11-2025 10:48:30 | 17-11-2025 10:46:32 | 17-11-2025 07:59:41 | 17-11-2025 07:59:40 | 17-11-2025 07:58:43 | 17-11-2025 07:58:22 | 17-11-2025 07:57:30 | 17-11-2025 07:05:14 | 17-11-2025 06:42:42 | 16-11-2025 11:47:15 | 16-11-2025 11:42:18 | 16-11-2025 11:36:39 | 15-11-2025 16:50:23 | 15-11-2025 11:54:47 | 15-11-2025 11:44:46 | 14-11-2025 11:54:23 | 14-11-2025 11:49:46 | 14-11-2025 11:49:09 | 12-11-2025 11:31:52 | 12-11-2025 10:51:10 | 11-11-2025 11:50:42 | 11-11-2025 11:34:49 | 10-11-2025 20:02:23 | 10-11-2025 19:25:49 | 09-11-2025 11:36:25 | 09-11-2025 11:28:08 | 09-11-2025 10:53:55 | 08-11-2025 18:50:57 | 08-11-2025 11:43:03 | 08-11-2025 11:34:09 | 07-11-2025 11:16:25 | 07-11-2025 11:05:35 | 07-11-2025 11:05:28 | 05-11-2025 10:52:55 | 05-11-2025 10:37:48 | 04-11-2025 13:42:01 | 04-11-2025 13:34:54 | 03-11-2025 12:45:50 | 03-11-2025 12:40:30 | 03-11-2025 12:39:43 | 01-11-2025 11:08:41 | 01-11-2025 06:55:27 | 01-11-2025 06:39:44 | 31-10-2025 11:26:44 | 31-10-2025 11:16:06 | 31-10-2025 11:05:57 | 30-10-2025 18:09:25 | 30-10-2025 18:03:02 | 29-10-2025 12:28:08 | 29-10-2025 12:18:14 | 28-10-2025 19:16:40 | 28-10-2025 19:16:03 | 28-10-2025 07:54:26 | 28-10-2025 07:46:38 | 26-10-2025 18:37:20 | 26-10-2025 18:27:43 | 26-10-2025 08:33:15 | 26-10-2025 07:32:32 | 26-10-2025 07:31:36 | 24-10-2025 19:22:29 | 24-10-2025 19:19:49 | 22-10-2025 07:59:35 | 22-10-2025 07:43:15 | 22-10-2025 07:39:56 | 21-10-2025 19:24:09 | 21-10-2025 12:34:46 | 21-10-2025 11:59:08 | 20-10-2025 20:00:50 | 20-10-2025 19:41:54 | 19-10-2025 15:16:03 | 19-10-2025 14:45:13 | 19-10-2025 11:46:04 | 19-10-2025 11:21:50 | 19-10-2025 09:22:27 | 19-10-2025 08:55:45 | 18-10-2025 21:59:12 | 18-10-2025 21:58:54 | 18-10-2025 13:32:32 | 18-10-2025 13:14:47 | 18-10-2025 13:13:32 | 18-10-2025 13:10:34 | 18-10-2025 13:10:01 | 18-10-2025 13:09:35 | 18-10-2025 10:58:18 | 18-10-2025 10:48:35 | 16-10-2025 19:54:11 | 16-10-2025 19:43:41 | 15-10-2025 17:33:23 | 15-10-2025 17:13:20 | 15-10-2025 06:26:35 | 15-10-2025 06:09:49 | 14-10-2025 18:19:03 | 14-10-2025 18:07:33 | 13-10-2025 19:13:40 | 13-10-2025 19:07:40 | 13-10-2025 06:47:54 | 13-10-2025 06:47:53 | 13-10-2025 05:59:56 | 12-10-2025 11:54:39 | 12-10-2025 11:44:14 | 11-10-2025 22:09:42 | 11-10-2025 21:44:48 | 11-10-2025 10:01:18 | 11-10-2025 09:54:39 | 10-10-2025 14:32:25 | 10-10-2025 14:32:20 | 10-10-2025 10:23:56 | 10-10-2025 10:09:52 | 09-10-2025 22:48:13 | 09-10-2025 20:30:06 | 09-10-2025 19:54:18 | 09-10-2025 10:30:32 | 09-10-2025 10:26:21 | 08-10-2025 18:56:29 | 08-10-2025 18:47:57 | 06-10-2025 20:15:58 | 06-10-2025 20:15:44 | 06-10-2025 13:55:18 | 06-10-2025 12:35:11 | 06-10-2025 12:19:38 | 06-10-2025 10:30:04 | 06-10-2025 10:23:44 | 05-10-2025 12:33:46 | 05-10-2025 12:03:57 | 04-10-2025 23:24:43 | 04-10-2025 23:10:19 | 04-10-2025 12:48:18 | 04-10-2025 07:46:16 | 04-10-2025 07:45:28 | 03-10-2025 15:23:05 | 02-10-2025 20:54:20 | 02-10-2025 20:54:19 | 02-10-2025 20:45:15 | 02-10-2025 18:51:55 | 02-10-2025 18:47:41 | 29-09-2025 10:07:55 | 29-09-2025 09:42:12 | 28-09-2025 22:39:42 | 28-09-2025 22:25:04 | 28-09-2025 12:58:09 | 28-09-2025 12:33:32 | 27-09-2025 19:18:16 | 27-09-2025 19:11:48 | 27-09-2025 11:39:10 | 27-09-2025 11:19:07 | 26-09-2025 19:03:32 | 26-09-2025 18:51:04 | 25-09-2025 19:25:50 | 25-09-2025 19:18:43 | 23-09-2025 19:57:00 | 23-09-2025 19:18:02 | 23-09-2025 11:24:26 | 23-09-2025 11:05:08 | 22-09-2025 22:32:32 | 22-09-2025 22:27:12 | 20-09-2025 18:34:05 | 20-09-2025 18:33:53 | 20-09-2025 13:43:36 | 20-09-2025 13:42:34 | 20-09-2025 13:42:25 | 19-09-2025 11:34:41 | 19-09-2025 10:45:51 | 18-09-2025 18:51:32 | 18-09-2025 18:41:34 | 17-09-2025 19:12:22 | 17-09-2025 18:55:30 | 16-09-2025 19:29:51 | 16-09-2025 19:29:35 | 16-09-2025 19:11:52 | 15-09-2025 19:30:12 | 15-09-2025 19:15:32 | 14-09-2025 11:56:20 | 14-09-2025 11:18:27 | 13-09-2025 20:09:16 | 13-09-2025 19:34:51 | 13-09-2025 00:01:28 | 12-09-2025 23:54:40 | 12-09-2025 23:53:11 | 12-09-2025 18:47:59 | 12-09-2025 18:38:19 | 10-09-2025 21:32:11 | 10-09-2025 21:22:51 | 10-09-2025 19:08:27 | 10-09-2025 18:58:14 | 10-09-2025 08:18:23 | 10-09-2025 08:03:23 | 09-09-2025 07:40:43 | 09-09-2025 07:27:48 | 08-09-2025 20:08:10 | 08-09-2025 19:23:51 | 08-09-2025 10:43:16 | 08-09-2025 10:34:20 | 07-09-2025 18:54:42 | 07-09-2025 17:17:25 | 07-09-2025 17:13:32 | 06-09-2025 11:48:40 | 06-09-2025 11:32:26 | 06-09-2025 11:31:50 | 05-09-2025 11:26:45 | 04-09-2025 12:54:36 | 04-09-2025 12:54:21 | 04-09-2025 08:58:18 | 04-09-2025 08:40:37 | 03-09-2025 18:34:53 | 03-09-2025 15:27:51 | 03-09-2025 15:18:26 | 02-09-2025 08:28:44 | 02-09-2025 08:22:12 | 01-09-2025 20:39:21 | 01-09-2025 20:33:28 | 30-08-2025 12:11:55 | 30-08-2025 12:11:38 | 28-08-2025 09:45:27 | 28-08-2025 09:39:04 | 27-08-2025 22:30:36 | 27-08-2025 22:13:56 | 27-08-2025 22:12:55 | 27-08-2025 21:23:07 | 27-08-2025 21:22:36 | 27-08-2025 16:16:23 | 27-08-2025 16:10:37 | 26-08-2025 22:32:47 | 26-08-2025 20:19:55 | 25-08-2025 17:59:51 | 25-08-2025 17:27:46 | 25-08-2025 11:54:06 | 25-08-2025 11:44:04 | 24-08-2025 20:29:09 | 24-08-2025 12:03:44 | 21-08-2025 19:10:06 | 21-08-2025 19:02:51 | 21-08-2025 07:10:11 | 21-08-2025 07:03:59 | 19-08-2025 20:23:10 | 19-08-2025 20:11:56 | 18-08-2025 19:57:35 | 18-08-2025 19:56:55 | 17-08-2025 18:18:12 | 17-08-2025 18:09:03 | 16-08-2025 16:59:32 | 16-08-2025 15:29:23 | 16-08-2025 11:28:59 | 15-08-2025 10:45:04 | 15-08-2025 10:30:15 | 13-08-2025 19:10:22 | 13-08-2025 19:00:05 | 12-08-2025 16:34:46 | 12-08-2025 16:24:08 | 11-08-2025 11:51:10 | 11-08-2025 11:27:52 | 10-08-2025 22:14:01 | 10-08-2025 20:32:18 | 10-08-2025 12:23:07 | 10-08-2025 11:20:24 | 10-08-2025 11:20:23 | 10-08-2025 11:10:40 | 10-08-2025 11:10:02 | 08-08-2025 12:30:30 | 08-08-2025 12:20:26 | 07-08-2025 18:46:54 | 07-08-2025 18:41:13 | 06-08-2025 10:43:03 | 06-08-2025 10:42:56 | 06-08-2025 10:36:13 | 04-08-2025 14:17:42 | 04-08-2025 14:02:51 | 04-08-2025 12:37:56 | 04-08-2025 12:32:42 | 03-08-2025 18:49:47 | 03-08-2025 18:40:15 | 03-08-2025 18:39:54 | 01-08-2025 18:34:49 | 01-08-2025 18:20:59 | 31-07-2025 10:27:22 | 31-07-2025 10:10:01 | 30-07-2025 23:41:49 | 30-07-2025 23:27:42 | 29-07-2025 19:09:57 | 29-07-2025 11:55:53 | 29-07-2025 11:55:51 | 29-07-2025 11:49:44 | 29-07-2025 09:42:32 | 29-07-2025 09:25:49 | 28-07-2025 20:28:41 | 28-07-2025 20:13:18 | 27-07-2025 19:25:43 | 27-07-2025 18:54:22 | 27-07-2025 12:39:10 | 27-07-2025 11:20:18 | 26-07-2025 21:11:47 | 26-07-2025 19:43:47 | 26-07-2025 19:33:50 | 26-07-2025 19:33:41 | 25-07-2025 18:46:28 | 25-07-2025 18:45:53 | 25-07-2025 12:18:15 | 25-07-2025 10:34:38 | 25-07-2025 10:16:51 | 24-07-2025 20:17:18 | 24-07-2025 19:48:31 | 24-07-2025 17:39:53 | 24-07-2025 17:19:10 | 24-07-2025 17:18:04 | 22-07-2025 22:21:38 | 22-07-2025 22:21:34 | 22-07-2025 22:15:45 | 22-07-2025 22:07:18 | 22-07-2025 20:38:47 | 22-07-2025 20:28:29 | 21-07-2025 19:21:11 | 21-07-2025 19:14:52 | 20-07-2025 12:21:42 | 20-07-2025 12:04:28 | 20-07-2025 11:58:50 | 19-07-2025 17:51:12 | 19-07-2025 17:41:58 | 19-07-2025 15:21:37 | 19-07-2025 15:16:37 | 19-07-2025 15:15:51 | 17-07-2025 18:45:21 | 17-07-2025 18:40:20 | 13-07-2025 22:33:30 | 13-07-2025 21:52:31 | 13-07-2025 11:32:52 | 13-07-2025 11:32:07 | 10-07-2025 22:45:34 | 10-07-2025 22:44:29 | 10-07-2025 19:04:06 | 10-07-2025 19:02:34 | 10-07-2025 18:56:51 | 10-07-2025 18:55:59 | 08-07-2025 18:33:40 | 08-07-2025 18:24:16 | 06-07-2025 12:32:12 | 06-07-2025 11:55:51 | 05-07-2025 18:48:37 | 05-07-2025 12:09:53 | 03-07-2025 20:28:12 | 02-07-2025 19:33:17 | 02-07-2025 19:31:11 | 02-07-2025 13:40:30 | 02-07-2025 13:30:10 | 02-07-2025 13:23:42 | 02-07-2025 13:23:29 | 29-06-2025 14:49:21 | 29-06-2025 14:47:39 | 29-06-2025 14:42:04 | 26-06-2025 22:19:19 | 26-06-2025 22:14:21 | 23-06-2025 11:46:39 | 23-06-2025 11:45:27 | 19-06-2025 21:59:54 | 19-06-2025 12:22:32 | 19-06-2025 11:41:57 | 18-06-2025 23:16:25 | 18-06-2025 22:37:32 | 18-06-2025 18:42:30 | 18-06-2025 18:17:47 | 18-06-2025 14:28:45 | 18-06-2025 14:00:25 | 18-06-2025 13:35:37 | 17-06-2025 21:25:22 | 17-06-2025 21:15:59 | 17-06-2025 11:15:32 | 17-06-2025 11:04:06 | 16-06-2025 19:32:01 | 16-06-2025 19:16:36 | 15-06-2025 17:57:43 | 15-06-2025 17:57:20 | 15-06-2025 11:04:09 | 15-06-2025 10:40:36 | 15-06-2025 10:34:59 | 14-06-2025 19:20:37 | 14-06-2025 18:29:03 | 14-06-2025 12:13:54 | 14-06-2025 12:07:57 | 13-06-2025 12:16:21 | 13-06-2025 11:55:44 | 12-06-2025 13:10:28 | 12-06-2025 12:52:27 | 12-06-2025 12:42:02 | 11-06-2025 22:51:21 | 11-06-2025 22:16:23 | 11-06-2025 19:19:03 | 11-06-2025 19:12:03 | 10-06-2025 18:42:10 | 10-06-2025 18:00:54 | 10-06-2025 12:49:10 | 10-06-2025 12:06:48 | 08-06-2025 14:04:38 | 08-06-2025 10:50:34 | 08-06-2025 10:38:55 | 08-06-2025 10:33:15 | 07-06-2025 16:34:41 | 07-06-2025 16:20:32 | 07-06-2025 11:11:34 | 07-06-2025 11:06:17 | 07-06-2025 10:45:38 | 06-06-2025 11:38:08 | 05-06-2025 11:27:04 | 05-06-2025 10:09:16 | 04-06-2025 22:04:44 | 03-06-2025 11:43:07 | 03-06-2025 11:42:11 | 02-06-2025 10:57:59 | 02-06-2025 06:39:56 | 02-06-2025 06:39:55 | 02-06-2025 05:44:58 | 01-06-2025 11:26:30 | 01-06-2025 11:02:56 | 01-06-2025 10:57:13 | 31-05-2025 12:52:41 | 31-05-2025 10:26:11 | 31-05-2025 09:56:32 | 30-05-2025 19:03:13 | 30-05-2025 18:26:04 | 30-05-2025 11:33:08 | 30-05-2025 11:23:33 | 28-05-2025 10:41:59 | 28-05-2025 10:33:11 | 28-05-2025 10:32:43 | 25-05-2025 17:37:05 | 25-05-2025 17:23:15 | 24-05-2025 10:44:33 | 24-05-2025 10:43:52 | 24-05-2025 10:42:54 | 22-05-2025 10:42:41 | 21-05-2025 15:30:55 | 21-05-2025 15:19:11 | 21-05-2025 10:13:56 | 21-05-2025 09:53:40 | 20-05-2025 21:09:42 | 20-05-2025 18:20:45 | 20-05-2025 11:19:44 | 20-05-2025 11:09:00 | 20-05-2025 11:02:38 | 17-05-2025 19:45:51 | 17-05-2025 19:45:14 | 16-05-2025 10:13:50 | 16-05-2025 09:50:07 | 15-05-2025 21:44:27 | 15-05-2025 21:44:26 | 15-05-2025 21:41:20 | 15-05-2025 21:40:50 | 15-05-2025 15:26:39 | 15-05-2025 12:43:27 | 15-05-2025 12:42:44 | 15-05-2025 12:41:58 | 15-05-2025 12:39:02 | 15-05-2025 12:38:41 | 15-05-2025 10:23:42 | 15-05-2025 09:56:27 | 14-05-2025 19:00:58 | 14-05-2025 18:48:34 | 13-05-2025 14:56:38 | 13-05-2025 13:15:24 | 12-05-2025 18:42:32 | 12-05-2025 18:04:51 | 12-05-2025 12:46:42 | 12-05-2025 12:17:47 | 12-05-2025 10:20:44 | 12-05-2025 10:17:30 | 12-05-2025 09:54:42 | 12-05-2025 09:54:35 | 11-05-2025 19:33:37 | 11-05-2025 19:05:03 | 11-05-2025 14:43:45 | 11-05-2025 14:23:51 | 10-05-2025 09:50:02 | 10-05-2025 09:12:42 | 10-05-2025 06:22:44 | 10-05-2025 06:02:17 | 09-05-2025 18:54:03 | 09-05-2025 18:32:25 | 09-05-2025 15:22:46 | 09-05-2025 15:22:21 | 09-05-2025 09:54:22 | 08-05-2025 11:35:46 | 08-05-2025 11:35:36 | 08-05-2025 08:53:34 | 08-05-2025 08:44:55 | 07-05-2025 18:41:33 | 07-05-2025 18:29:50 | 07-05-2025 15:46:40 | 07-05-2025 14:25:51 | 07-05-2025 14:23:40 | 06-05-2025 19:09:45 | 06-05-2025 19:09:32 | 05-05-2025 19:20:56 | 05-05-2025 14:04:12 | 05-05-2025 13:24:34 | 05-05-2025 11:54:52 | 05-05-2025 11:43:56 | 04-05-2025 18:59:36 | 04-05-2025 17:43:17 | 04-05-2025 17:43:07 | 03-05-2025 16:14:59 | 03-05-2025 11:27:31 | 03-05-2025 11:17:52 | 01-05-2025 11:05:12 | 01-05-2025 11:04:53 | 28-04-2025 19:21:51 | 28-04-2025 19:00:26 | 27-04-2025 18:23:58 | 27-04-2025 11:27:36 | 27-04-2025 11:21:44 | 25-04-2025 09:42:34 | 25-04-2025 09:14:26 | 25-04-2025 06:41:49 | 24-04-2025 19:08:07 | 24-04-2025 19:07:34 | 24-04-2025 18:58:51 | 24-04-2025 18:58:12 | 21-04-2025 10:24:15 | 21-04-2025 10:07:29 | 20-04-2025 21:25:41 | 20-04-2025 21:22:15 | 20-04-2025 21:19:06 | 20-04-2025 10:54:18 | 12-04-2025 11:59:27 | 12-04-2025 11:52:49 | 10-04-2025 17:55:10 | 10-04-2025 17:49:46 | 09-04-2025 19:04:44 | 09-04-2025 18:24:57 | 09-04-2025 15:34:44 | 09-04-2025 15:31:19 | 09-04-2025 13:52:14 | 09-04-2025 13:41:30 | 09-04-2025 09:25:17 | 09-04-2025 09:14:40 | 06-04-2025 12:42:57 | 06-04-2025 12:31:23 | 05-04-2025 11:33:12 | 05-04-2025 11:32:51 | 04-04-2025 21:56:18 | 04-04-2025 21:42:08 | 04-04-2025 21:41:36 | 04-04-2025 19:48:23 | 04-04-2025 19:47:39 | 03-04-2025 21:16:35 | 03-04-2025 21:00:25 | 03-04-2025 21:00:17 | 01-04-2025 19:34:22 | 01-04-2025 19:28:43 | 01-04-2025 19:28:18 | 31-03-2025 19:21:51 | 31-03-2025 18:34:56 | 31-03-2025 10:46:19 | 31-03-2025 10:17:44 | 31-03-2025 08:11:37 | 31-03-2025 08:04:34 | 31-03-2025 07:59:21 | 28-03-2025 17:18:16 | 28-03-2025 16:20:27 | 28-03-2025 06:26:05 | 28-03-2025 05:32:20 | 27-03-2025 19:35:13 | 27-03-2025 19:20:24 | 26-03-2025 19:45:38 | 26-03-2025 19:45:23 | 26-03-2025 18:11:12 | 26-03-2025 18:01:48 | 23-03-2025 12:06:27 | 23-03-2025 11:55:48,Microsoft-Windows-Kernel-EventTracing,3 | 2
Surprise Removal,2,Warning,10-07-2026 22:50:04 | 02-03-2026 11:54:16,Microsoft-Windows-USB-USBHUB3,196
Windows Update Agent,60,Error,08-07-2026 19:55:37 | 08-07-2026 19:36:24 | 08-07-2026 19:36:23 | 07-07-2026 15:29:08 | 04-07-2026 17:26:09 | 02-07-2026 16:13:13 | 02-07-2026 15:48:52 | 02-07-2026 15:48:20 | 23-06-2026 21:16:43 | 19-06-2026 20:37:28 | 19-06-2026 20:36:35 | 19-06-2026 20:34:26 | 19-06-2026 20:15:15 | 14-06-2026 13:03:27 | 14-06-2026 11:58:30 | 12-06-2026 11:47:45 | 08-06-2026 18:18:22 | 30-05-2026 09:58:51 | 28-05-2026 10:17:54 | 26-05-2026 12:12:29 | 25-05-2026 19:08:17 | 13-05-2026 12:09:59 | 13-05-2026 12:07:15 | 05-05-2026 14:57:13 | 05-05-2026 14:53:54 | 05-05-2026 14:53:36 | 30-04-2026 08:25:10 | 29-04-2026 15:47:31 | 29-04-2026 15:46:18 | 27-04-2026 13:02:32 | 27-04-2026 11:39:15 | 10-04-2026 19:24:18 | 10-04-2026 19:23:54 | 10-04-2026 19:22:26 | 05-04-2026 14:06:25 | 31-03-2026 09:53:32 | 25-03-2026 13:59:26 | 19-03-2026 18:29:59 | 17-03-2026 21:12:29 | 17-03-2026 12:46:07 | 13-03-2026 15:16:39 | 13-03-2026 14:14:24 | 13-03-2026 14:13:48 | 10-03-2026 12:07:35 | 04-03-2026 22:51:11 | 04-03-2026 12:28:03 | 04-03-2026 12:27:47 | 27-02-2026 19:11:07 | 25-02-2026 22:45:50 | 25-02-2026 18:26:31 | 15-02-2026 19:02:07 | 15-02-2026 12:54:14 | 13-02-2026 09:11:14 | 09-02-2026 13:14:51 | 05-02-2026 19:06:10 | 30-01-2026 20:02:56 | 30-01-2026 18:33:45 | 24-01-2026 15:02:21 | 19-01-2026 12:58:23,Microsoft-Windows-WindowsUpdateClient,20
