CustomerID,Name,City,Product,Category,OrderDate,Quantity,Price,PaymentMode,Revenue,Month
101,Alice,chennai,Laptop,Electronics,2026-01-05,1.0,60000.0,Card,60000.0,2026-01
102,Bob,delhi,Mouse,Accessories,2026-01-08,2.0,500.0,UPI,1000.0,2026-01
103,John,chennai,Laptop,Electronics,2026-02-11,1.0,62000.0,Card,62000.0,2026-02
106,Tom,chennai,Mouse,Accessories,2026-03-05,5.0,500.0,Card,2500.0,2026-03
107,Priya,delhi,Monitor,Electronics,2026-03-18,1.0,15000.0,Card,15000.0,2026-03
108,Rahul,bengaluru,Keyboard,Accessories,2026-04-01,3.0,900.0,Cash,2700.0,2026-04
109,Anita,mumbai,Laptop,Electronics,2026-04-09,1.0,59000.0,UPI,59000.0,2026-04
110,Kiran,delhi,Mouse,Accessories,2026-04-11,2.0,500.0,Card,1000.0,2026-04
111,Meena,chennai,Laptop,Electronics,2026-05-06,1.0,61000.0,Card,61000.0,2026-05
111,Meena,chennai,Laptop,Electronics,2026-05-06,1.0,61000.0,Card,61000.0,2026-05
113,Arun,mumbai,Mouse,Accessories,2026-06-03,1000.0,500.0,Cash,500000.0,2026-06
114,Nisha,delhi,Keyboard,Accessories,2026-06-10,4.0,850.0,UPI,3400.0,2026-06
108,Rahul,bengaluru,Keyboard,Accessories,2026-04-01,3.0,868.69,Cash,2606.07,2026-04
106,Tom,chennai,Mouse,Accessories,2026-03-05,7.0,435.69,Card,3049.83,2026-03
103,John,chennai,Laptop,Electronics,2026-02-11,1.0,59857.76,Card,59857.76,2026-02
110,Kiran,delhi,Mouse,Accessories,2026-04-11,2.0,449.35,Card,898.7,2026-04
102,Bob,delhi,Mouse,Accessories,2026-01-08,2.0,501.44,UPI,1002.88,2026-01
113,Arun,mumbai,Mouse,Accessories,2026-06-03,1000.0,529.47,Cash,529470.0,2026-06
114,Nisha,delhi,Keyboard,Accessories,2026-06-10,5.0,958.76,UPI,4793.8,2026-06
102,Bob,delhi,Mouse,Accessories,2026-01-08,1.0,461.35,UPI,461.35,2026-01
101,Alice,chennai,Laptop,Electronics,2026-01-05,1.0,63554.49,Card,63554.49,2026-01
113,Arun,mumbai,Mouse,Accessories,2026-06-03,999.0,464.2,Cash,463735.8,2026-06
107,Priya,delhi,Monitor,Electronics,2026-03-18,1.0,13894.3,Card,13894.3,2026-03
108,Rahul,bengaluru,Keyboard,Accessories,2026-04-01,5.0,1021.98,Cash,5109.9,2026-04
103,John,chennai,Laptop,Electronics,2026-02-11,1.0,54871.19,Card,54871.19,2026-02
102,Bob,delhi,Mouse,Accessories,2026-01-08,3.0,484.65,UPI,1453.9499999999998,2026-01
106,Tom,chennai,Mouse,Accessories,2026-03-05,6.0,449.87,Card,2699.2200000000003,2026-03
110,Kiran,delhi,Mouse,Accessories,2026-04-11,2.0,462.93,Card,925.86,2026-04
101,Alice,chennai,Laptop,Electronics,2026-01-05,3.0,68418.3,Card,205254.90000000002,2026-01
114,Nisha,delhi,Keyboard,Accessories,2026-06-10,5.0,914.38,UPI,4571.9,2026-06
102,Bob,delhi,Mouse,Accessories,2026-01-08,1.0,441.39,UPI,441.39,2026-01
110,Kiran,delhi,Mouse,Accessories,2026-04-11,2.0,541.5,Card,1083.0,2026-04
102,Bob,delhi,Mouse,Accessories,2026-01-08,1.0,465.35,UPI,465.35,2026-01
114,Nisha,delhi,Keyboard,Accessories,2026-06-10,5.0,900.75,UPI,4503.75,2026-06
106,Tom,chennai,Mouse,Accessories,2026-03-05,3.0,435.48,Card,1306.44,2026-03
107,Priya,delhi,Monitor,Electronics,2026-03-18,2.0,15112.33,Card,30224.66,2026-03
108,Rahul,bengaluru,Keyboard,Accessories,2026-04-01,3.0,962.92,Cash,2888.7599999999998,2026-04
103,John,chennai,Laptop,Electronics,2026-02-11,1.0,59668.52,Card,59668.52,2026-02
110,Kiran,delhi,Mouse,Accessories,2026-04-11,2.0,510.06,Card,1020.12,2026-04
110,Kiran,delhi,Mouse,Accessories,2026-04-11,2.0,452.41,Card,904.82,2026-04
111,Meena,chennai,Laptop,Electronics,2026-05-06,1.0,56596.14,Card,56596.14,2026-05
111,Meena,chennai,Laptop,Electronics,2026-05-06,2.0,63321.12,Card,126642.24,2026-05
106,Tom,chennai,Mouse,Accessories,2026-03-05,3.0,555.25,Card,1665.75,2026-03
103,John,chennai,Laptop,Electronics,2026-02-11,1.0,58152.14,Card,58152.14,2026-02
108,Rahul,bengaluru,Keyboard,Accessories,2026-04-01,1.0,839.73,Cash,839.73,2026-04
109,Anita,mumbai,Laptop,Electronics,2026-04-09,1.0,60515.94,UPI,60515.94,2026-04
110,Kiran,delhi,Mouse,Accessories,2026-04-11,2.0,497.78,Card,995.56,2026-04
101,Alice,chennai,Laptop,Electronics,2026-01-05,1.0,51171.12,Card,51171.12,2026-01
111,Meena,chennai,Laptop,Electronics,2026-05-06,1.0,64025.4,Card,64025.4,2026-05
108,Rahul,bengaluru,Keyboard,Accessories,2026-04-01,1.0,821.99,Cash,821.99,2026-04
114,Nisha,delhi,Keyboard,Accessories,2026-06-10,5.0,876.26,UPI,4381.3,2026-06
110,Kiran,delhi,Mouse,Accessories,2026-04-11,2.0,480.62,Card,961.24,2026-04
109,Anita,mumbai,Laptop,Electronics,2026-04-09,1.0,64608.2,UPI,64608.2,2026-04
111,Meena,chennai,Laptop,Electronics,2026-05-06,2.0,58775.37,Card,117550.74,2026-05
101,Alice,chennai,Laptop,Electronics,2026-01-05,1.0,66715.39,Card,66715.39,2026-01
114,Nisha,delhi,Keyboard,Accessories,2026-06-10,2.0,839.01,UPI,1678.02,2026-06
111,Meena,chennai,Laptop,Electronics,2026-05-06,2.0,65121.53,Card,130243.06,2026-05
113,Arun,mumbai,Mouse,Accessories,2026-06-03,998.0,515.29,Cash,514259.42,2026-06
114,Nisha,delhi,Keyboard,Accessories,2026-06-10,4.0,965.02,UPI,3860.08,2026-06
107,Priya,delhi,Monitor,Electronics,2026-03-18,1.0,14407.93,Card,14407.93,2026-03
107,Priya,delhi,Monitor,Electronics,2026-03-18,2.0,15067.11,Card,30134.22,2026-03
101,Alice,chennai,Laptop,Electronics,2026-01-05,1.0,51056.32,Card,51056.32,2026-01
104,David,mumbai,Keyboard,Accessories,2026-02-14,1.0,683.99,Cash,683.99,2026-02
102,Bob,delhi,Mouse,Accessories,2026-01-08,1.0,570.44,UPI,570.44,2026-01
101,Alice,chennai,Laptop,Electronics,2026-01-05,1.0,63202.73,Card,63202.73,2026-01
114,Nisha,delhi,Keyboard,Accessories,2026-06-10,6.0,846.06,UPI,5076.36,2026-06
101,Alice,chennai,Laptop,Electronics,2026-01-05,3.0,65291.29,Card,195873.87,2026-01
106,Tom,chennai,Mouse,Accessories,2026-03-05,6.0,565.86,Card,3395.16,2026-03
114,Nisha,delhi,Keyboard,Accessories,2026-06-10,2.0,909.74,UPI,1819.48,2026-06
102,Bob,delhi,Mouse,Accessories,2026-01-08,4.0,454.26,UPI,1817.04,2026-01
114,Nisha,delhi,Keyboard,Accessories,2026-06-10,6.0,945.94,UPI,5675.64,2026-06
113,Arun,mumbai,Mouse,Accessories,2026-06-03,1002.0,429.76,Cash,430619.52,2026-06
104,David,mumbai,Keyboard,Accessories,2026-02-14,1.0,752.32,Cash,752.32,2026-02
113,Arun,mumbai,Mouse,Accessories,2026-06-03,999.0,559.46,Cash,558900.54,2026-06
106,Tom,chennai,Mouse,Accessories,2026-03-05,6.0,524.4,Card,3146.3999999999996,2026-03
106,Tom,chennai,Mouse,Accessories,2026-03-05,4.0,456.75,Card,1827.0,2026-03
109,Anita,mumbai,Laptop,Electronics,2026-04-09,1.0,52016.81,UPI,52016.81,2026-04
101,Alice,chennai,Laptop,Electronics,2026-01-05,1.0,53884.24,Card,53884.24,2026-01
107,Priya,delhi,Monitor,Electronics,2026-03-18,2.0,16198.39,Card,32396.78,2026-03
107,Priya,delhi,Monitor,Electronics,2026-03-18,1.0,15746.7,Card,15746.7,2026-03
102,Bob,delhi,Mouse,Accessories,2026-01-08,3.0,438.57,UPI,1315.71,2026-01
111,Meena,chennai,Laptop,Electronics,2026-05-06,1.0,67806.51,Card,67806.51,2026-05
114,Nisha,delhi,Keyboard,Accessories,2026-06-10,6.0,738.99,UPI,4433.9400000000005,2026-06
104,David,mumbai,Keyboard,Accessories,2026-02-14,1.0,898.44,Cash,898.44,2026-02
102,Bob,delhi,Mouse,Accessories,2026-01-08,3.0,523.09,UPI,1569.27,2026-01
110,Kiran,delhi,Mouse,Accessories,2026-04-11,2.0,569.94,Card,1139.88,2026-04
113,Arun,mumbai,Mouse,Accessories,2026-06-03,999.0,458.53,Cash,458071.47,2026-06
110,Kiran,delhi,Mouse,Accessories,2026-04-11,2.0,468.65,Card,937.3,2026-04
101,Alice,chennai,Laptop,Electronics,2026-01-05,1.0,57124.28,Card,57124.28,2026-01
111,Meena,chennai,Laptop,Electronics,2026-05-06,1.0,65476.5,Card,65476.5,2026-05
102,Bob,delhi,Mouse,Accessories,2026-01-08,4.0,480.16,UPI,1920.64,2026-01
107,Priya,delhi,Monitor,Electronics,2026-03-18,2.0,15346.13,Card,30692.26,2026-03
104,David,mumbai,Keyboard,Accessories,2026-02-14,1.0,694.85,Cash,694.85,2026-02
107,Priya,delhi,Monitor,Electronics,2026-03-18,1.0,16562.03,Card,16562.03,2026-03
111,Meena,chennai,Laptop,Electronics,2026-05-06,1.0,65964.44,Card,65964.44,2026-05
104,David,mumbai,Keyboard,Accessories,2026-02-14,1.0,804.74,Cash,804.74,2026-02
101,Alice,chennai,Laptop,Electronics,2026-01-05,3.0,54998.55,Card,164995.65000000002,2026-01
104,David,mumbai,Keyboard,Accessories,2026-02-14,1.0,809.19,Cash,809.19,2026-02
103,John,chennai,Laptop,Electronics,2026-02-11,1.0,55391.43,Card,55391.43,2026-02
106,Tom,chennai,Mouse,Accessories,2026-03-05,4.0,515.22,Card,2060.88,2026-03
108,Rahul,bengaluru,Keyboard,Accessories,2026-04-01,1.0,926.7,Cash,926.7,2026-04
106,Tom,chennai,Mouse,Accessories,2026-03-05,7.0,573.55,Card,4014.8499999999995,2026-03
109,Anita,mumbai,Laptop,Electronics,2026-04-09,1.0,67794.22,UPI,67794.22,2026-04
111,Meena,chennai,Laptop,Electronics,2026-05-06,2.0,57184.36,Card,114368.72,2026-05
104,David,mumbai,Keyboard,Accessories,2026-02-14,1.0,915.47,Cash,915.47,2026-02
106,Tom,chennai,Mouse,Accessories,2026-03-05,4.0,549.18,Card,2196.72,2026-03
109,Anita,mumbai,Laptop,Electronics,2026-04-09,1.0,62547.21,UPI,62547.21,2026-04
102,Bob,delhi,Mouse,Accessories,2026-01-08,3.0,469.87,UPI,1409.6100000000001,2026-01
114,Nisha,delhi,Keyboard,Accessories,2026-06-10,3.0,975.22,UPI,2925.66,2026-06
106,Tom,chennai,Mouse,Accessories,2026-03-05,6.0,483.66,Card,2901.96,2026-03
113,Arun,mumbai,Mouse,Accessories,2026-06-03,1000.0,467.35,Cash,467350.0,2026-06
113,Arun,mumbai,Mouse,Accessories,2026-06-03,1002.0,484.07,Cash,485038.14,2026-06
108,Rahul,bengaluru,Keyboard,Accessories,2026-04-01,3.0,968.11,Cash,2904.33,2026-04
101,Alice,chennai,Laptop,Electronics,2026-01-05,1.0,66296.57,Card,66296.57,2026-01
114,Nisha,delhi,Keyboard,Accessories,2026-06-10,4.0,839.17,UPI,3356.68,2026-06
111,Meena,chennai,Laptop,Electronics,2026-05-06,2.0,57176.79,Card,114353.58,2026-05
106,Tom,chennai,Mouse,Accessories,2026-03-05,4.0,457.72,Card,1830.88,2026-03
101,Alice,chennai,Laptop,Electronics,2026-01-05,1.0,64235.74,Card,64235.74,2026-01
103,John,chennai,Laptop,Electronics,2026-02-11,1.0,66202.81,Card,66202.81,2026-02
109,Anita,mumbai,Laptop,Electronics,2026-04-09,2.0,66972.05,UPI,133944.1,2026-04
109,Anita,mumbai,Laptop,Electronics,2026-04-09,1.0,66539.94,UPI,66539.94,2026-04
104,David,mumbai,Keyboard,Accessories,2026-02-14,1.0,913.8,Cash,913.8,2026-02
101,Alice,chennai,Laptop,Electronics,2026-01-05,1.0,53112.24,Card,53112.24,2026-01
108,Rahul,bengaluru,Keyboard,Accessories,2026-04-01,4.0,831.15,Cash,3324.6,2026-04
113,Arun,mumbai,Mouse,Accessories,2026-06-03,1002.0,568.18,Cash,569316.36,2026-06
103,John,chennai,Laptop,Electronics,2026-02-11,2.0,67130.81,Card,134261.62,2026-02
103,John,chennai,Laptop,Electronics,2026-02-11,1.0,67165.79,Card,67165.79,2026-02
103,John,chennai,Laptop,Electronics,2026-02-11,2.0,57819.02,Card,115638.04,2026-02
113,Arun,mumbai,Mouse,Accessories,2026-06-03,1001.0,480.1,Cash,480580.10000000003,2026-06
103,John,chennai,Laptop,Electronics,2026-02-11,1.0,54237.05,Card,54237.05,2026-02
111,Meena,chennai,Laptop,Electronics,2026-05-06,3.0,55966.31,Card,167898.93,2026-05
108,Rahul,bengaluru,Keyboard,Accessories,2026-04-01,5.0,1031.58,Cash,5157.9,2026-04
107,Priya,delhi,Monitor,Electronics,2026-03-18,1.0,15871.77,Card,15871.77,2026-03
110,Kiran,delhi,Mouse,Accessories,2026-04-11,2.0,544.15,Card,1088.3,2026-04
102,Bob,delhi,Mouse,Accessories,2026-01-08,3.0,497.63,UPI,1492.8899999999999,2026-01
104,David,mumbai,Keyboard,Accessories,2026-02-14,1.0,751.61,Cash,751.61,2026-02
108,Rahul,bengaluru,Keyboard,Accessories,2026-04-01,1.0,852.81,Cash,852.81,2026-04
110,Kiran,delhi,Mouse,Accessories,2026-04-11,2.0,561.33,Card,1122.66,2026-04
108,Rahul,bengaluru,Keyboard,Accessories,2026-04-01,2.0,874.44,Cash,1748.88,2026-04
103,John,chennai,Laptop,Electronics,2026-02-11,1.0,60024.62,Card,60024.62,2026-02
111,Meena,chennai,Laptop,Electronics,2026-05-06,3.0,60790.71,Card,182372.13,2026-05
113,Arun,mumbai,Mouse,Accessories,2026-06-03,1002.0,505.85,Cash,506861.7,2026-06
108,Rahul,bengaluru,Keyboard,Accessories,2026-04-01,1.0,813.78,Cash,813.78,2026-04
108,Rahul,bengaluru,Keyboard,Accessories,2026-04-01,2.0,766.44,Cash,1532.88,2026-04
109,Anita,mumbai,Laptop,Electronics,2026-04-09,1.0,52327.9,UPI,52327.9,2026-04
106,Tom,chennai,Mouse,Accessories,2026-03-05,7.0,455.93,Card,3191.51,2026-03
110,Kiran,delhi,Mouse,Accessories,2026-04-11,2.0,438.17,Card,876.34,2026-04
113,Arun,mumbai,Mouse,Accessories,2026-06-03,998.0,437.69,Cash,436814.62,2026-06
102,Bob,delhi,Mouse,Accessories,2026-01-08,4.0,469.79,UPI,1879.16,2026-01
104,David,mumbai,Keyboard,Accessories,2026-02-14,1.0,781.53,Cash,781.53,2026-02
108,Rahul,bengaluru,Keyboard,Accessories,2026-04-01,1.0,832.05,Cash,832.05,2026-04
109,Anita,mumbai,Laptop,Electronics,2026-04-09,3.0,66161.77,UPI,198485.31,2026-04
113,Arun,mumbai,Mouse,Accessories,2026-06-03,1002.0,491.74,Cash,492723.48,2026-06
114,Nisha,delhi,Keyboard,Accessories,2026-06-10,5.0,899.75,UPI,4498.75,2026-06
111,Meena,chennai,Laptop,Electronics,2026-05-06,1.0,64439.12,Card,64439.12,2026-05
109,Anita,mumbai,Laptop,Electronics,2026-04-09,1.0,54346.68,UPI,54346.68,2026-04
107,Priya,delhi,Monitor,Electronics,2026-03-18,1.0,14098.69,Card,14098.69,2026-03
102,Bob,delhi,Mouse,Accessories,2026-01-08,1.0,515.32,UPI,515.32,2026-01
107,Priya,delhi,Monitor,Electronics,2026-03-18,3.0,14365.79,Card,43097.37,2026-03
113,Arun,mumbai,Mouse,Accessories,2026-06-03,1002.0,488.3,Cash,489276.60000000003,2026-06
103,John,chennai,Laptop,Electronics,2026-02-11,1.0,57548.54,Card,57548.54,2026-02
110,Kiran,delhi,Mouse,Accessories,2026-04-11,2.0,560.55,Card,1121.1,2026-04
103,John,chennai,Laptop,Electronics,2026-02-11,2.0,54248.53,Card,108497.06,2026-02
106,Tom,chennai,Mouse,Accessories,2026-03-05,6.0,566.03,Card,3396.18,2026-03
102,Bob,delhi,Mouse,Accessories,2026-01-08,2.0,574.3,UPI,1148.6,2026-01
107,Priya,delhi,Monitor,Electronics,2026-03-18,1.0,15965.0,Card,15965.0,2026-03
103,John,chennai,Laptop,Electronics,2026-02-11,3.0,63951.97,Card,191855.91,2026-02
111,Meena,chennai,Laptop,Electronics,2026-05-06,1.0,57639.39,Card,57639.39,2026-05
113,Arun,mumbai,Mouse,Accessories,2026-06-03,1001.0,428.89,Cash,429318.89,2026-06
104,David,mumbai,Keyboard,Accessories,2026-02-14,1.0,706.4,Cash,706.4,2026-02
111,Meena,chennai,Laptop,Electronics,2026-05-06,2.0,53057.06,Card,106114.12,2026-05
111,Meena,chennai,Laptop,Electronics,2026-05-06,1.0,58489.6,Card,58489.6,2026-05
109,Anita,mumbai,Laptop,Electronics,2026-04-09,1.0,52740.03,UPI,52740.03,2026-04
111,Meena,chennai,Laptop,Electronics,2026-05-06,1.0,52030.5,Card,52030.5,2026-05
103,John,chennai,Laptop,Electronics,2026-02-11,1.0,59742.56,Card,59742.56,2026-02
111,Meena,chennai,Laptop,Electronics,2026-05-06,1.0,55065.88,Card,55065.88,2026-05
108,Rahul,bengaluru,Keyboard,Accessories,2026-04-01,3.0,923.98,Cash,2771.94,2026-04
111,Meena,chennai,Laptop,Electronics,2026-05-06,1.0,61529.97,Card,61529.97,2026-05
114,Nisha,delhi,Keyboard,Accessories,2026-06-10,6.0,943.18,UPI,5659.08,2026-06
102,Bob,delhi,Mouse,Accessories,2026-01-08,2.0,516.12,UPI,1032.24,2026-01
106,Tom,chennai,Mouse,Accessories,2026-03-05,4.0,472.7,Card,1890.8,2026-03
111,Meena,chennai,Laptop,Electronics,2026-05-06,2.0,55156.31,Card,110312.62,2026-05
108,Rahul,bengaluru,Keyboard,Accessories,2026-04-01,5.0,913.95,Cash,4569.75,2026-04
107,Priya,delhi,Monitor,Electronics,2026-03-18,2.0,15415.4,Card,30830.8,2026-03
113,Arun,mumbai,Mouse,Accessories,2026-06-03,998.0,528.0,Cash,526944.0,2026-06
110,Kiran,delhi,Mouse,Accessories,2026-04-11,2.0,448.32,Card,896.64,2026-04
111,Meena,chennai,Laptop,Electronics,2026-05-06,1.0,58782.05,Card,58782.05,2026-05
109,Anita,mumbai,Laptop,Electronics,2026-04-09,1.0,51085.7,UPI,51085.7,2026-04
114,Nisha,delhi,Keyboard,Accessories,2026-06-10,4.0,902.91,UPI,3611.64,2026-06
102,Bob,delhi,Mouse,Accessories,2026-01-08,4.0,487.74,UPI,1950.96,2026-01
110,Kiran,delhi,Mouse,Accessories,2026-04-11,2.0,452.47,Card,904.94,2026-04
107,Priya,delhi,Monitor,Electronics,2026-03-18,2.0,15092.68,Card,30185.36,2026-03
110,Kiran,delhi,Mouse,Accessories,2026-04-11,2.0,557.21,Card,1114.42,2026-04
101,Alice,chennai,Laptop,Electronics,2026-01-05,1.0,62441.43,Card,62441.43,2026-01
103,John,chennai,Laptop,Electronics,2026-02-11,1.0,60261.17,Card,60261.17,2026-02
111,Meena,chennai,Laptop,Electronics,2026-05-06,1.0,63464.58,Card,63464.58,2026-05
108,Rahul,bengaluru,Keyboard,Accessories,2026-04-01,2.0,1020.11,Cash,2040.22,2026-04
108,Rahul,bengaluru,Keyboard,Accessories,2026-04-01,5.0,780.5,Cash,3902.5,2026-04
104,David,mumbai,Keyboard,Accessories,2026-02-14,1.0,813.0,Cash,813.0,2026-02
113,Arun,mumbai,Mouse,Accessories,2026-06-03,998.0,569.32,Cash,568181.3600000001,2026-06
113,Arun,mumbai,Mouse,Accessories,2026-06-03,1002.0,564.87,Cash,565999.74,2026-06
111,Meena,chennai,Laptop,Electronics,2026-05-06,2.0,60959.84,Card,121919.68,2026-05
110,Kiran,delhi,Mouse,Accessories,2026-04-11,2.0,574.69,Card,1149.38,2026-04
108,Rahul,bengaluru,Keyboard,Accessories,2026-04-01,1.0,874.48,Cash,874.48,2026-04
114,Nisha,delhi,Keyboard,Accessories,2026-06-10,3.0,954.78,UPI,2864.34,2026-06
111,Meena,chennai,Laptop,Electronics,2026-05-06,1.0,64919.13,Card,64919.13,2026-05
111,Meena,chennai,Laptop,Electronics,2026-05-06,3.0,65568.92,Card,196706.76,2026-05
108,Rahul,bengaluru,Keyboard,Accessories,2026-04-01,5.0,949.7,Cash,4748.5,2026-04
104,David,mumbai,Keyboard,Accessories,2026-02-14,1.0,787.68,Cash,787.68,2026-02
109,Anita,mumbai,Laptop,Electronics,2026-04-09,3.0,56403.26,UPI,169209.78,2026-04
104,David,mumbai,Keyboard,Accessories,2026-02-14,1.0,798.92,Cash,798.92,2026-02
113,Arun,mumbai,Mouse,Accessories,2026-06-03,999.0,549.76,Cash,549210.24,2026-06
104,David,mumbai,Keyboard,Accessories,2026-02-14,1.0,751.8,Cash,751.8,2026-02
114,Nisha,delhi,Keyboard,Accessories,2026-06-10,4.0,776.83,UPI,3107.32,2026-06
106,Tom,chennai,Mouse,Accessories,2026-03-05,7.0,484.04,Card,3388.28,2026-03
110,Kiran,delhi,Mouse,Accessories,2026-04-11,2.0,564.37,Card,1128.74,2026-04
102,Bob,delhi,Mouse,Accessories,2026-01-08,4.0,548.86,UPI,2195.44,2026-01
111,Meena,chennai,Laptop,Electronics,2026-05-06,2.0,68182.64,Card,136365.28,2026-05
111,Meena,chennai,Laptop,Electronics,2026-05-06,1.0,58360.12,Card,58360.12,2026-05
111,Meena,chennai,Laptop,Electronics,2026-05-06,2.0,57862.5,Card,115725.0,2026-05
114,Nisha,delhi,Keyboard,Accessories,2026-06-10,2.0,723.81,UPI,1447.62,2026-06
111,Meena,chennai,Laptop,Electronics,2026-05-06,1.0,59207.85,Card,59207.85,2026-05
101,Alice,chennai,Laptop,Electronics,2026-01-05,1.0,58754.47,Card,58754.47,2026-01
108,Rahul,bengaluru,Keyboard,Accessories,2026-04-01,1.0,907.86,Cash,907.86,2026-04
104,David,mumbai,Keyboard,Accessories,2026-02-14,1.0,709.72,Cash,709.72,2026-02
106,Tom,chennai,Mouse,Accessories,2026-03-05,5.0,458.91,Card,2294.55,2026-03
103,John,chennai,Laptop,Electronics,2026-02-11,1.0,58266.7,Card,58266.7,2026-02
101,Alice,chennai,Laptop,Electronics,2026-01-05,1.0,60655.69,Card,60655.69,2026-01
107,Priya,delhi,Monitor,Electronics,2026-03-18,1.0,17202.16,Card,17202.16,2026-03
104,David,mumbai,Keyboard,Accessories,2026-02-14,1.0,718.84,Cash,718.84,2026-02
108,Rahul,bengaluru,Keyboard,Accessories,2026-04-01,4.0,766.57,Cash,3066.28,2026-04
114,Nisha,delhi,Keyboard,Accessories,2026-06-10,3.0,750.72,UPI,2252.16,2026-06
110,Kiran,delhi,Mouse,Accessories,2026-04-11,2.0,431.04,Card,862.08,2026-04
110,Kiran,delhi,Mouse,Accessories,2026-04-11,2.0,488.16,Card,976.32,2026-04
104,David,mumbai,Keyboard,Accessories,2026-02-14,1.0,718.48,Cash,718.48,2026-02
109,Anita,mumbai,Laptop,Electronics,2026-04-09,2.0,67136.67,UPI,134273.34,2026-04
103,John,chennai,Laptop,Electronics,2026-02-11,1.0,60532.37,Card,60532.37,2026-02
107,Priya,delhi,Monitor,Electronics,2026-03-18,2.0,16349.19,Card,32698.38,2026-03
113,Arun,mumbai,Mouse,Accessories,2026-06-03,999.0,473.73,Cash,473256.27,2026-06
104,David,mumbai,Keyboard,Accessories,2026-02-14,1.0,854.24,Cash,854.24,2026-02
103,John,chennai,Laptop,Electronics,2026-02-11,2.0,55144.37,Card,110288.74,2026-02
108,Rahul,bengaluru,Keyboard,Accessories,2026-04-01,1.0,799.05,Cash,799.05,2026-04
107,Priya,delhi,Monitor,Electronics,2026-03-18,1.0,12984.18,Card,12984.18,2026-03
107,Priya,delhi,Monitor,Electronics,2026-03-18,2.0,17143.97,Card,34287.94,2026-03
114,Nisha,delhi,Keyboard,Accessories,2026-06-10,2.0,833.25,UPI,1666.5,2026-06
111,Meena,chennai,Laptop,Electronics,2026-05-06,1.0,60742.51,Card,60742.51,2026-05
110,Kiran,delhi,Mouse,Accessories,2026-04-11,2.0,489.34,Card,978.68,2026-04
101,Alice,chennai,Laptop,Electronics,2026-01-05,1.0,56060.5,Card,56060.5,2026-01
104,David,mumbai,Keyboard,Accessories,2026-02-14,1.0,918.62,Cash,918.62,2026-02
106,Tom,chennai,Mouse,Accessories,2026-03-05,6.0,454.76,Card,2728.56,2026-03
113,Arun,mumbai,Mouse,Accessories,2026-06-03,998.0,530.17,Cash,529109.6599999999,2026-06
107,Priya,delhi,Monitor,Electronics,2026-03-18,3.0,13565.35,Card,40696.05,2026-03
104,David,mumbai,Keyboard,Accessories,2026-02-14,1.0,735.05,Cash,735.05,2026-02
114,Nisha,delhi,Keyboard,Accessories,2026-06-10,3.0,831.21,UPI,2493.63,2026-06
106,Tom,chennai,Mouse,Accessories,2026-03-05,4.0,438.64,Card,1754.56,2026-03
102,Bob,delhi,Mouse,Accessories,2026-01-08,3.0,486.09,UPI,1458.27,2026-01
107,Priya,delhi,Monitor,Electronics,2026-03-18,1.0,13747.99,Card,13747.99,2026-03
109,Anita,mumbai,Laptop,Electronics,2026-04-09,2.0,51235.89,UPI,102471.78,2026-04
114,Nisha,delhi,Keyboard,Accessories,2026-06-10,2.0,800.09,UPI,1600.18,2026-06
101,Alice,chennai,Laptop,Electronics,2026-01-05,1.0,56050.01,Card,56050.01,2026-01
107,Priya,delhi,Monitor,Electronics,2026-03-18,2.0,13861.36,Card,27722.72,2026-03
107,Priya,delhi,Monitor,Electronics,2026-03-18,1.0,12934.0,Card,12934.0,2026-03
114,Nisha,delhi,Keyboard,Accessories,2026-06-10,4.0,776.55,UPI,3106.2,2026-06
108,Rahul,bengaluru,Keyboard,Accessories,2026-04-01,3.0,1010.29,Cash,3030.87,2026-04
109,Anita,mumbai,Laptop,Electronics,2026-04-09,2.0,53421.67,UPI,106843.34,2026-04
110,Kiran,delhi,Mouse,Accessories,2026-04-11,2.0,479.54,Card,959.08,2026-04
110,Kiran,delhi,Mouse,Accessories,2026-04-11,2.0,441.73,Card,883.46,2026-04
111,Meena,chennai,Laptop,Electronics,2026-05-06,1.0,64348.2,Card,64348.2,2026-05
111,Meena,chennai,Laptop,Electronics,2026-05-06,1.0,58448.41,Card,58448.41,2026-05
113,Arun,mumbai,Mouse,Accessories,2026-06-03,1002.0,504.33,Cash,505338.66,2026-06
111,Meena,chennai,Laptop,Electronics,2026-05-06,1.0,63749.54,Card,63749.54,2026-05
114,Nisha,delhi,Keyboard,Accessories,2026-06-10,6.0,820.43,UPI,4922.58,2026-06
106,Tom,chennai,Mouse,Accessories,2026-03-05,4.0,519.43,Card,2077.72,2026-03
109,Anita,mumbai,Laptop,Electronics,2026-04-09,1.0,50876.39,UPI,50876.39,2026-04
102,Bob,delhi,Mouse,Accessories,2026-01-08,1.0,453.94,UPI,453.94,2026-01
106,Tom,chennai,Mouse,Accessories,2026-03-05,3.0,436.23,Card,1308.69,2026-03
110,Kiran,delhi,Mouse,Accessories,2026-04-11,2.0,517.85,Card,1035.7,2026-04
111,Meena,chennai,Laptop,Electronics,2026-05-06,2.0,69960.5,Card,139921.0,2026-05
107,Priya,delhi,Monitor,Electronics,2026-03-18,3.0,15993.46,Card,47980.38,2026-03
107,Priya,delhi,Monitor,Electronics,2026-03-18,1.0,13612.68,Card,13612.68,2026-03
104,David,mumbai,Keyboard,Accessories,2026-02-14,1.0,893.98,Cash,893.98,2026-02
101,Alice,chennai,Laptop,Electronics,2026-01-05,2.0,52218.75,Card,104437.5,2026-01
104,David,mumbai,Keyboard,Accessories,2026-02-14,1.0,903.52,Cash,903.52,2026-02
102,Bob,delhi,Mouse,Accessories,2026-01-08,1.0,450.04,UPI,450.04,2026-01
111,Meena,chennai,Laptop,Electronics,2026-05-06,1.0,57150.71,Card,57150.71,2026-05
101,Alice,chennai,Laptop,Electronics,2026-01-05,1.0,65299.03,Card,65299.03,2026-01
111,Meena,chennai,Laptop,Electronics,2026-05-06,1.0,65405.09,Card,65405.09,2026-05
106,Tom,chennai,Mouse,Accessories,2026-03-05,6.0,527.7,Card,3166.2000000000003,2026-03
109,Anita,mumbai,Laptop,Electronics,2026-04-09,1.0,53079.67,UPI,53079.67,2026-04
106,Tom,chennai,Mouse,Accessories,2026-03-05,7.0,482.62,Card,3378.34,2026-03
102,Bob,delhi,Mouse,Accessories,2026-01-08,3.0,516.08,UPI,1548.2400000000002,2026-01
111,Meena,chennai,Laptop,Electronics,2026-05-06,1.0,51915.89,Card,51915.89,2026-05
103,John,chennai,Laptop,Electronics,2026-02-11,1.0,63713.3,Card,63713.3,2026-02
101,Alice,chennai,Laptop,Electronics,2026-01-05,3.0,59197.94,Card,177593.82,2026-01
111,Meena,chennai,Laptop,Electronics,2026-05-06,3.0,56586.67,Card,169760.01,2026-05
109,Anita,mumbai,Laptop,Electronics,2026-04-09,1.0,62686.11,UPI,62686.11,2026-04
111,Meena,chennai,Laptop,Electronics,2026-05-06,1.0,54981.3,Card,54981.3,2026-05
102,Bob,delhi,Mouse,Accessories,2026-01-08,4.0,460.73,UPI,1842.92,2026-01
108,Rahul,bengaluru,Keyboard,Accessories,2026-04-01,2.0,1019.35,Cash,2038.7,2026-04
113,Arun,mumbai,Mouse,Accessories,2026-06-03,999.0,465.57,Cash,465104.43,2026-06
110,Kiran,delhi,Mouse,Accessories,2026-04-11,2.0,521.36,Card,1042.72,2026-04
109,Anita,mumbai,Laptop,Electronics,2026-04-09,1.0,59612.33,UPI,59612.33,2026-04
106,Tom,chennai,Mouse,Accessories,2026-03-05,5.0,519.9,Card,2599.5,2026-03
108,Rahul,bengaluru,Keyboard,Accessories,2026-04-01,3.0,787.48,Cash,2362.44,2026-04
107,Priya,delhi,Monitor,Electronics,2026-03-18,3.0,13938.17,Card,41814.51,2026-03
111,Meena,chennai,Laptop,Electronics,2026-05-06,2.0,68289.54,Card,136579.08,2026-05
101,Alice,chennai,Laptop,Electronics,2026-01-05,1.0,68734.7,Card,68734.7,2026-01
111,Meena,chennai,Laptop,Electronics,2026-05-06,1.0,66927.95,Card,66927.95,2026-05
111,Meena,chennai,Laptop,Electronics,2026-05-06,1.0,55084.25,Card,55084.25,2026-05
114,Nisha,delhi,Keyboard,Accessories,2026-06-10,6.0,890.12,UPI,5340.72,2026-06
111,Meena,chennai,Laptop,Electronics,2026-05-06,1.0,65073.62,Card,65073.62,2026-05
104,David,mumbai,Keyboard,Accessories,2026-02-14,1.0,906.96,Cash,906.96,2026-02
111,Meena,chennai,Laptop,Electronics,2026-05-06,3.0,61931.06,Card,185793.18,2026-05
110,Kiran,delhi,Mouse,Accessories,2026-04-11,2.0,458.1,Card,916.2,2026-04
113,Arun,mumbai,Mouse,Accessories,2026-06-03,999.0,512.25,Cash,511737.75,2026-06
111,Meena,chennai,Laptop,Electronics,2026-05-06,2.0,54698.24,Card,109396.48,2026-05
114,Nisha,delhi,Keyboard,Accessories,2026-06-10,5.0,816.5,UPI,4082.5,2026-06
107,Priya,delhi,Monitor,Electronics,2026-03-18,1.0,15313.46,Card,15313.46,2026-03
113,Arun,mumbai,Mouse,Accessories,2026-06-03,999.0,522.13,Cash,521607.87,2026-06
109,Anita,mumbai,Laptop,Electronics,2026-04-09,1.0,53033.66,UPI,53033.66,2026-04
109,Anita,mumbai,Laptop,Electronics,2026-04-09,2.0,62316.39,UPI,124632.78,2026-04
103,John,chennai,Laptop,Electronics,2026-02-11,1.0,55369.52,Card,55369.52,2026-02
106,Tom,chennai,Mouse,Accessories,2026-03-05,4.0,493.25,Card,1973.0,2026-03
102,Bob,delhi,Mouse,Accessories,2026-01-08,3.0,440.04,UPI,1320.1200000000001,2026-01
111,Meena,chennai,Laptop,Electronics,2026-05-06,1.0,65149.79,Card,65149.79,2026-05
103,John,chennai,Laptop,Electronics,2026-02-11,1.0,54746.66,Card,54746.66,2026-02
114,Nisha,delhi,Keyboard,Accessories,2026-06-10,2.0,756.21,UPI,1512.42,2026-06
111,Meena,chennai,Laptop,Electronics,2026-05-06,1.0,54460.23,Card,54460.23,2026-05
109,Anita,mumbai,Laptop,Electronics,2026-04-09,3.0,50388.9,UPI,151166.7,2026-04
109,Anita,mumbai,Laptop,Electronics,2026-04-09,1.0,59749.95,UPI,59749.95,2026-04
106,Tom,chennai,Mouse,Accessories,2026-03-05,3.0,455.35,Card,1366.0500000000002,2026-03
107,Priya,delhi,Monitor,Electronics,2026-03-18,3.0,16765.76,Card,50297.28,2026-03
102,Bob,delhi,Mouse,Accessories,2026-01-08,2.0,474.76,UPI,949.52,2026-01
103,John,chennai,Laptop,Electronics,2026-02-11,1.0,68043.6,Card,68043.6,2026-02
108,Rahul,bengaluru,Keyboard,Accessories,2026-04-01,5.0,845.12,Cash,4225.6,2026-04
103,John,chennai,Laptop,Electronics,2026-02-11,2.0,55338.13,Card,110676.26,2026-02
110,Kiran,delhi,Mouse,Accessories,2026-04-11,2.0,428.6,Card,857.2,2026-04
103,John,chennai,Laptop,Electronics,2026-02-11,2.0,55441.2,Card,110882.4,2026-02
103,John,chennai,Laptop,Electronics,2026-02-11,1.0,56901.45,Card,56901.45,2026-02
113,Arun,mumbai,Mouse,Accessories,2026-06-03,1001.0,528.01,Cash,528538.01,2026-06
106,Tom,chennai,Mouse,Accessories,2026-03-05,3.0,498.77,Card,1496.31,2026-03
114,Nisha,delhi,Keyboard,Accessories,2026-06-10,4.0,741.95,UPI,2967.8,2026-06
102,Bob,delhi,Mouse,Accessories,2026-01-08,1.0,479.07,UPI,479.07,2026-01
114,Nisha,delhi,Keyboard,Accessories,2026-06-10,2.0,876.65,UPI,1753.3,2026-06
111,Meena,chennai,Laptop,Electronics,2026-05-06,2.0,61557.8,Card,123115.6,2026-05
108,Rahul,bengaluru,Keyboard,Accessories,2026-04-01,2.0,948.45,Cash,1896.9,2026-04
111,Meena,chennai,Laptop,Electronics,2026-05-06,1.0,63283.08,Card,63283.08,2026-05
111,Meena,chennai,Laptop,Electronics,2026-05-06,1.0,67869.86,Card,67869.86,2026-05
104,David,mumbai,Keyboard,Accessories,2026-02-14,1.0,838.82,Cash,838.82,2026-02
111,Meena,chennai,Laptop,Electronics,2026-05-06,1.0,66286.07,Card,66286.07,2026-05
114,Nisha,delhi,Keyboard,Accessories,2026-06-10,3.0,804.17,UPI,2412.5099999999998,2026-06
102,Bob,delhi,Mouse,Accessories,2026-01-08,3.0,533.2,UPI,1599.6000000000001,2026-01
109,Anita,mumbai,Laptop,Electronics,2026-04-09,1.0,52153.0,UPI,52153.0,2026-04
111,Meena,chennai,Laptop,Electronics,2026-05-06,1.0,54497.42,Card,54497.42,2026-05
102,Bob,delhi,Mouse,Accessories,2026-01-08,1.0,452.28,UPI,452.28,2026-01
104,David,mumbai,Keyboard,Accessories,2026-02-14,1.0,756.64,Cash,756.64,2026-02
111,Meena,chennai,Laptop,Electronics,2026-05-06,2.0,64539.6,Card,129079.2,2026-05
114,Nisha,delhi,Keyboard,Accessories,2026-06-10,3.0,927.05,UPI,2781.1499999999996,2026-06
109,Anita,mumbai,Laptop,Electronics,2026-04-09,1.0,56932.38,UPI,56932.38,2026-04
111,Meena,chennai,Laptop,Electronics,2026-05-06,2.0,61709.07,Card,123418.14,2026-05
110,Kiran,delhi,Mouse,Accessories,2026-04-11,2.0,504.87,Card,1009.74,2026-04
102,Bob,delhi,Mouse,Accessories,2026-01-08,3.0,437.54,UPI,1312.6200000000001,2026-01
104,David,mumbai,Keyboard,Accessories,2026-02-14,1.0,806.47,Cash,806.47,2026-02
108,Rahul,bengaluru,Keyboard,Accessories,2026-04-01,3.0,765.77,Cash,2297.31,2026-04
109,Anita,mumbai,Laptop,Electronics,2026-04-09,1.0,60033.23,UPI,60033.23,2026-04
107,Priya,delhi,Monitor,Electronics,2026-03-18,1.0,13018.1,Card,13018.1,2026-03
104,David,mumbai,Keyboard,Accessories,2026-02-14,1.0,883.7,Cash,883.7,2026-02
108,Rahul,bengaluru,Keyboard,Accessories,2026-04-01,3.0,889.3,Cash,2667.8999999999996,2026-04
110,Kiran,delhi,Mouse,Accessories,2026-04-11,2.0,570.77,Card,1141.54,2026-04
111,Meena,chennai,Laptop,Electronics,2026-05-06,1.0,55706.49,Card,55706.49,2026-05
113,Arun,mumbai,Mouse,Accessories,2026-06-03,998.0,537.05,Cash,535975.8999999999,2026-06
114,Nisha,delhi,Keyboard,Accessories,2026-06-10,3.0,818.75,UPI,2456.25,2026-06
102,Bob,delhi,Mouse,Accessories,2026-01-08,3.0,480.75,UPI,1442.25,2026-01
104,David,mumbai,Keyboard,Accessories,2026-02-14,1.0,839.06,Cash,839.06,2026-02
109,Anita,mumbai,Laptop,Electronics,2026-04-09,2.0,64972.64,UPI,129945.28,2026-04
109,Anita,mumbai,Laptop,Electronics,2026-04-09,1.0,52749.89,UPI,52749.89,2026-04
103,John,chennai,Laptop,Electronics,2026-02-11,1.0,57257.85,Card,57257.85,2026-02
104,David,mumbai,Keyboard,Accessories,2026-02-14,1.0,863.7,Cash,863.7,2026-02
109,Anita,mumbai,Laptop,Electronics,2026-04-09,1.0,63391.5,UPI,63391.5,2026-04
110,Kiran,delhi,Mouse,Accessories,2026-04-11,2.0,567.31,Card,1134.62,2026-04
104,David,mumbai,Keyboard,Accessories,2026-02-14,1.0,853.41,Cash,853.41,2026-02
101,Alice,chennai,Laptop,Electronics,2026-01-05,1.0,56161.84,Card,56161.84,2026-01
111,Meena,chennai,Laptop,Electronics,2026-05-06,1.0,67975.18,Card,67975.18,2026-05
114,Nisha,delhi,Keyboard,Accessories,2026-06-10,6.0,914.04,UPI,5484.24,2026-06
107,Priya,delhi,Monitor,Electronics,2026-03-18,2.0,15243.7,Card,30487.4,2026-03
104,David,mumbai,Keyboard,Accessories,2026-02-14,1.0,800.45,Cash,800.45,2026-02
114,Nisha,delhi,Keyboard,Accessories,2026-06-10,3.0,830.54,UPI,2491.62,2026-06
104,David,mumbai,Keyboard,Accessories,2026-02-14,1.0,913.55,Cash,913.55,2026-02
113,Arun,mumbai,Mouse,Accessories,2026-06-03,1001.0,571.69,Cash,572261.6900000001,2026-06
109,Anita,mumbai,Laptop,Electronics,2026-04-09,1.0,57237.12,UPI,57237.12,2026-04
109,Anita,mumbai,Laptop,Electronics,2026-04-09,3.0,60859.98,UPI,182579.94,2026-04
109,Anita,mumbai,Laptop,Electronics,2026-04-09,2.0,58600.27,UPI,117200.54,2026-04
104,David,mumbai,Keyboard,Accessories,2026-02-14,1.0,878.54,Cash,878.54,2026-02
101,Alice,chennai,Laptop,Electronics,2026-01-05,1.0,65460.11,Card,65460.11,2026-01
108,Rahul,bengaluru,Keyboard,Accessories,2026-04-01,4.0,817.58,Cash,3270.32,2026-04
106,Tom,chennai,Mouse,Accessories,2026-03-05,3.0,436.67,Card,1310.01,2026-03
107,Priya,delhi,Monitor,Electronics,2026-03-18,1.0,12876.22,Card,12876.22,2026-03
114,Nisha,delhi,Keyboard,Accessories,2026-06-10,3.0,860.6,UPI,2581.8,2026-06
111,Meena,chennai,Laptop,Electronics,2026-05-06,1.0,62777.13,Card,62777.13,2026-05
111,Meena,chennai,Laptop,Electronics,2026-05-06,1.0,55285.71,Card,55285.71,2026-05
109,Anita,mumbai,Laptop,Electronics,2026-04-09,1.0,54403.93,UPI,54403.93,2026-04
102,Bob,delhi,Mouse,Accessories,2026-01-08,4.0,509.72,UPI,2038.88,2026-01
104,David,mumbai,Keyboard,Accessories,2026-02-14,1.0,690.96,Cash,690.96,2026-02
104,David,mumbai,Keyboard,Accessories,2026-02-14,1.0,906.44,Cash,906.44,2026-02
109,Anita,mumbai,Laptop,Electronics,2026-04-09,3.0,53599.44,UPI,160798.32,2026-04
108,Rahul,bengaluru,Keyboard,Accessories,2026-04-01,4.0,960.94,Cash,3843.76,2026-04
107,Priya,delhi,Monitor,Electronics,2026-03-18,1.0,14240.93,Card,14240.93,2026-03
106,Tom,chennai,Mouse,Accessories,2026-03-05,7.0,440.15,Card,3081.0499999999997,2026-03
113,Arun,mumbai,Mouse,Accessories,2026-06-03,998.0,513.08,Cash,512053.84,2026-06
107,Priya,delhi,Monitor,Electronics,2026-03-18,2.0,15388.61,Card,30777.22,2026-03
113,Arun,mumbai,Mouse,Accessories,2026-06-03,1000.0,449.18,Cash,449180.0,2026-06
113,Arun,mumbai,Mouse,Accessories,2026-06-03,1001.0,436.81,Cash,437246.81,2026-06
114,Nisha,delhi,Keyboard,Accessories,2026-06-10,2.0,965.47,UPI,1930.94,2026-06
109,Anita,mumbai,Laptop,Electronics,2026-04-09,1.0,64442.33,UPI,64442.33,2026-04
110,Kiran,delhi,Mouse,Accessories,2026-04-11,2.0,446.13,Card,892.26,2026-04
113,Arun,mumbai,Mouse,Accessories,2026-06-03,999.0,574.01,Cash,573435.99,2026-06
114,Nisha,delhi,Keyboard,Accessories,2026-06-10,6.0,975.53,UPI,5853.18,2026-06
110,Kiran,delhi,Mouse,Accessories,2026-04-11,2.0,522.71,Card,1045.42,2026-04
111,Meena,chennai,Laptop,Electronics,2026-05-06,2.0,66221.94,Card,132443.88,2026-05
104,David,mumbai,Keyboard,Accessories,2026-02-14,1.0,893.76,Cash,893.76,2026-02
109,Anita,mumbai,Laptop,Electronics,2026-04-09,2.0,54382.26,UPI,108764.52,2026-04
111,Meena,chennai,Laptop,Electronics,2026-05-06,3.0,53222.47,Card,159667.41,2026-05
114,Nisha,delhi,Keyboard,Accessories,2026-06-10,2.0,927.71,UPI,1855.42,2026-06
103,John,chennai,Laptop,Electronics,2026-02-11,1.0,62876.73,Card,62876.73,2026-02
106,Tom,chennai,Mouse,Accessories,2026-03-05,6.0,439.12,Card,2634.7200000000003,2026-03
108,Rahul,bengaluru,Keyboard,Accessories,2026-04-01,1.0,840.63,Cash,840.63,2026-04
104,David,mumbai,Keyboard,Accessories,2026-02-14,1.0,701.42,Cash,701.42,2026-02
101,Alice,chennai,Laptop,Electronics,2026-01-05,2.0,55642.99,Card,111285.98,2026-01
109,Anita,mumbai,Laptop,Electronics,2026-04-09,1.0,63657.69,UPI,63657.69,2026-04
110,Kiran,delhi,Mouse,Accessories,2026-04-11,2.0,522.54,Card,1045.08,2026-04
114,Nisha,delhi,Keyboard,Accessories,2026-06-10,2.0,970.28,UPI,1940.56,2026-06
108,Rahul,bengaluru,Keyboard,Accessories,2026-04-01,1.0,863.14,Cash,863.14,2026-04
104,David,mumbai,Keyboard,Accessories,2026-02-14,1.0,778.17,Cash,778.17,2026-02
104,David,mumbai,Keyboard,Accessories,2026-02-14,1.0,785.8,Cash,785.8,2026-02
111,Meena,chennai,Laptop,Electronics,2026-05-06,3.0,69272.42,Card,207817.26,2026-05
101,Alice,chennai,Laptop,Electronics,2026-01-05,1.0,63279.62,Card,63279.62,2026-01
103,John,chennai,Laptop,Electronics,2026-02-11,2.0,57588.59,Card,115177.18,2026-02
108,Rahul,bengaluru,Keyboard,Accessories,2026-04-01,1.0,932.57,Cash,932.57,2026-04
111,Meena,chennai,Laptop,Electronics,2026-05-06,1.0,65411.08,Card,65411.08,2026-05
111,Meena,chennai,Laptop,Electronics,2026-05-06,3.0,51995.36,Card,155986.08000000002,2026-05
104,David,mumbai,Keyboard,Accessories,2026-02-14,1.0,770.2,Cash,770.2,2026-02
114,Nisha,delhi,Keyboard,Accessories,2026-06-10,5.0,940.23,UPI,4701.15,2026-06
109,Anita,mumbai,Laptop,Electronics,2026-04-09,2.0,65622.61,UPI,131245.22,2026-04
102,Bob,delhi,Mouse,Accessories,2026-01-08,4.0,560.02,UPI,2240.08,2026-01
107,Priya,delhi,Monitor,Electronics,2026-03-18,1.0,13136.2,Card,13136.2,2026-03
102,Bob,delhi,Mouse,Accessories,2026-01-08,1.0,562.62,UPI,562.62,2026-01
113,Arun,mumbai,Mouse,Accessories,2026-06-03,1001.0,454.92,Cash,455374.92000000004,2026-06
113,Arun,mumbai,Mouse,Accessories,2026-06-03,998.0,472.59,Cash,471644.81999999995,2026-06
106,Tom,chennai,Mouse,Accessories,2026-03-05,6.0,456.9,Card,2741.3999999999996,2026-03
109,Anita,mumbai,Laptop,Electronics,2026-04-09,2.0,52173.58,UPI,104347.16,2026-04
103,John,chennai,Laptop,Electronics,2026-02-11,1.0,62838.51,Card,62838.51,2026-02
104,David,mumbai,Keyboard,Accessories,2026-02-14,1.0,687.52,Cash,687.52,2026-02
106,Tom,chennai,Mouse,Accessories,2026-03-05,6.0,434.36,Card,2606.16,2026-03
103,John,chennai,Laptop,Electronics,2026-02-11,2.0,70901.23,Card,141802.46,2026-02
104,David,mumbai,Keyboard,Accessories,2026-02-14,1.0,730.76,Cash,730.76,2026-02
114,Nisha,delhi,Keyboard,Accessories,2026-06-10,5.0,791.31,UPI,3956.5499999999997,2026-06
109,Anita,mumbai,Laptop,Electronics,2026-04-09,1.0,51629.57,UPI,51629.57,2026-04
107,Priya,delhi,Monitor,Electronics,2026-03-18,2.0,16670.8,Card,33341.6,2026-03
104,David,mumbai,Keyboard,Accessories,2026-02-14,1.0,879.33,Cash,879.33,2026-02
106,Tom,chennai,Mouse,Accessories,2026-03-05,6.0,476.3,Card,2857.8,2026-03
111,Meena,chennai,Laptop,Electronics,2026-05-06,1.0,54860.96,Card,54860.96,2026-05
111,Meena,chennai,Laptop,Electronics,2026-05-06,2.0,60663.74,Card,121327.48,2026-05
108,Rahul,bengaluru,Keyboard,Accessories,2026-04-01,2.0,1025.71,Cash,2051.42,2026-04
101,Alice,chennai,Laptop,Electronics,2026-01-05,3.0,54574.08,Card,163722.24,2026-01
102,Bob,delhi,Mouse,Accessories,2026-01-08,4.0,517.48,UPI,2069.92,2026-01
103,John,chennai,Laptop,Electronics,2026-02-11,1.0,52963.87,Card,52963.87,2026-02
109,Anita,mumbai,Laptop,Electronics,2026-04-09,1.0,64168.7,UPI,64168.7,2026-04
108,Rahul,bengaluru,Keyboard,Accessories,2026-04-01,4.0,835.96,Cash,3343.84,2026-04
109,Anita,mumbai,Laptop,Electronics,2026-04-09,1.0,67641.82,UPI,67641.82,2026-04
113,Arun,mumbai,Mouse,Accessories,2026-06-03,1001.0,520.84,Cash,521360.84,2026-06
114,Nisha,delhi,Keyboard,Accessories,2026-06-10,3.0,875.74,UPI,2627.2200000000003,2026-06
101,Alice,chennai,Laptop,Electronics,2026-01-05,1.0,54775.74,Card,54775.74,2026-01
114,Nisha,delhi,Keyboard,Accessories,2026-06-10,4.0,726.63,UPI,2906.52,2026-06
114,Nisha,delhi,Keyboard,Accessories,2026-06-10,6.0,931.36,UPI,5588.16,2026-06
108,Rahul,bengaluru,Keyboard,Accessories,2026-04-01,4.0,940.21,Cash,3760.84,2026-04
104,David,mumbai,Keyboard,Accessories,2026-02-14,1.0,778.49,Cash,778.49,2026-02
106,Tom,chennai,Mouse,Accessories,2026-03-05,7.0,488.88,Card,3422.16,2026-03
109,Anita,mumbai,Laptop,Electronics,2026-04-09,1.0,66546.37,UPI,66546.37,2026-04
104,David,mumbai,Keyboard,Accessories,2026-02-14,1.0,769.55,Cash,769.55,2026-02
111,Meena,chennai,Laptop,Electronics,2026-05-06,3.0,54826.63,Card,164479.88999999998,2026-05
102,Bob,delhi,Mouse,Accessories,2026-01-08,3.0,467.75,UPI,1403.25,2026-01
102,Bob,delhi,Mouse,Accessories,2026-01-08,3.0,520.12,UPI,1560.3600000000001,2026-01
104,David,mumbai,Keyboard,Accessories,2026-02-14,1.0,905.1,Cash,905.1,2026-02
104,David,mumbai,Keyboard,Accessories,2026-02-14,1.0,873.43,Cash,873.43,2026-02
108,Rahul,bengaluru,Keyboard,Accessories,2026-04-01,1.0,940.4,Cash,940.4,2026-04
103,John,chennai,Laptop,Electronics,2026-02-11,2.0,54628.36,Card,109256.72,2026-02
106,Tom,chennai,Mouse,Accessories,2026-03-05,7.0,564.08,Card,3948.5600000000004,2026-03
113,Arun,mumbai,Mouse,Accessories,2026-06-03,1001.0,500.5,Cash,501000.5,2026-06
106,Tom,chennai,Mouse,Accessories,2026-03-05,5.0,552.76,Card,2763.8,2026-03
109,Anita,mumbai,Laptop,Electronics,2026-04-09,1.0,63900.78,UPI,63900.78,2026-04
107,Priya,delhi,Monitor,Electronics,2026-03-18,2.0,13265.25,Card,26530.5,2026-03
102,Bob,delhi,Mouse,Accessories,2026-01-08,1.0,477.59,UPI,477.59,2026-01
111,Meena,chennai,Laptop,Electronics,2026-05-06,2.0,51989.17,Card,103978.34,2026-05
109,Anita,mumbai,Laptop,Electronics,2026-04-09,1.0,59133.83,UPI,59133.83,2026-04
107,Priya,delhi,Monitor,Electronics,2026-03-18,1.0,14133.29,Card,14133.29,2026-03
111,Meena,chennai,Laptop,Electronics,2026-05-06,1.0,51926.08,Card,51926.08,2026-05
102,Bob,delhi,Mouse,Accessories,2026-01-08,1.0,427.33,UPI,427.33,2026-01
108,Rahul,bengaluru,Keyboard,Accessories,2026-04-01,5.0,850.72,Cash,4253.6,2026-04
108,Rahul,bengaluru,Keyboard,Accessories,2026-04-01,5.0,1033.06,Cash,5165.299999999999,2026-04
108,Rahul,bengaluru,Keyboard,Accessories,2026-04-01,5.0,1027.84,Cash,5139.2,2026-04
110,Kiran,delhi,Mouse,Accessories,2026-04-11,2.0,517.44,Card,1034.88,2026-04
103,John,chennai,Laptop,Electronics,2026-02-11,2.0,70878.81,Card,141757.62,2026-02
113,Arun,mumbai,Mouse,Accessories,2026-06-03,1001.0,560.63,Cash,561190.63,2026-06
106,Tom,chennai,Mouse,Accessories,2026-03-05,4.0,490.61,Card,1962.44,2026-03
109,Anita,mumbai,Laptop,Electronics,2026-04-09,1.0,59075.35,UPI,59075.35,2026-04
104,David,mumbai,Keyboard,Accessories,2026-02-14,1.0,868.23,Cash,868.23,2026-02
111,Meena,chennai,Laptop,Electronics,2026-05-06,1.0,67173.28,Card,67173.28,2026-05
107,Priya,delhi,Monitor,Electronics,2026-03-18,1.0,13666.93,Card,13666.93,2026-03
110,Kiran,delhi,Mouse,Accessories,2026-04-11,2.0,428.85,Card,857.7,2026-04
102,Bob,delhi,Mouse,Accessories,2026-01-08,4.0,447.96,UPI,1791.84,2026-01
104,David,mumbai,Keyboard,Accessories,2026-02-14,1.0,900.94,Cash,900.94,2026-02
108,Rahul,bengaluru,Keyboard,Accessories,2026-04-01,5.0,868.25,Cash,4341.25,2026-04
111,Meena,chennai,Laptop,Electronics,2026-05-06,1.0,69846.48,Card,69846.48,2026-05
107,Priya,delhi,Monitor,Electronics,2026-03-18,1.0,13589.5,Card,13589.5,2026-03
109,Anita,mumbai,Laptop,Electronics,2026-04-09,1.0,55405.53,UPI,55405.53,2026-04
111,Meena,chennai,Laptop,Electronics,2026-05-06,1.0,65141.52,Card,65141.52,2026-05
104,David,mumbai,Keyboard,Accessories,2026-02-14,1.0,904.39,Cash,904.39,2026-02
101,Alice,chennai,Laptop,Electronics,2026-01-05,1.0,62490.96,Card,62490.96,2026-01
113,Arun,mumbai,Mouse,Accessories,2026-06-03,998.0,441.64,Cash,440756.72,2026-06
111,Meena,chennai,Laptop,Electronics,2026-05-06,1.0,68221.27,Card,68221.27,2026-05
108,Rahul,bengaluru,Keyboard,Accessories,2026-04-01,1.0,898.45,Cash,898.45,2026-04
101,Alice,chennai,Laptop,Electronics,2026-01-05,1.0,58034.4,Card,58034.4,2026-01
111,Meena,chennai,Laptop,Electronics,2026-05-06,1.0,59421.54,Card,59421.54,2026-05
107,Priya,delhi,Monitor,Electronics,2026-03-18,1.0,13696.33,Card,13696.33,2026-03
111,Meena,chennai,Laptop,Electronics,2026-05-06,2.0,68131.76,Card,136263.52,2026-05
108,Rahul,bengaluru,Keyboard,Accessories,2026-04-01,4.0,983.31,Cash,3933.24,2026-04
109,Anita,mumbai,Laptop,Electronics,2026-04-09,1.0,50329.48,UPI,50329.48,2026-04
111,Meena,chennai,Laptop,Electronics,2026-05-06,3.0,63401.21,Card,190203.63,2026-05
108,Rahul,bengaluru,Keyboard,Accessories,2026-04-01,1.0,1028.5,Cash,1028.5,2026-04
111,Meena,chennai,Laptop,Electronics,2026-05-06,2.0,70056.96,Card,140113.92,2026-05
107,Priya,delhi,Monitor,Electronics,2026-03-18,3.0,12883.0,Card,38649.0,2026-03
114,Nisha,delhi,Keyboard,Accessories,2026-06-10,6.0,852.99,UPI,5117.9400000000005,2026-06
111,Meena,chennai,Laptop,Electronics,2026-05-06,1.0,67713.8,Card,67713.8,2026-05
102,Bob,delhi,Mouse,Accessories,2026-01-08,1.0,429.42,UPI,429.42,2026-01
113,Arun,mumbai,Mouse,Accessories,2026-06-03,999.0,437.52,Cash,437082.48,2026-06
102,Bob,delhi,Mouse,Accessories,2026-01-08,1.0,465.14,UPI,465.14,2026-01
111,Meena,chennai,Laptop,Electronics,2026-05-06,1.0,69294.1,Card,69294.1,2026-05
110,Kiran,delhi,Mouse,Accessories,2026-04-11,2.0,531.21,Card,1062.42,2026-04
111,Meena,chennai,Laptop,Electronics,2026-05-06,1.0,60396.9,Card,60396.9,2026-05
106,Tom,chennai,Mouse,Accessories,2026-03-05,6.0,501.9,Card,3011.3999999999996,2026-03
108,Rahul,bengaluru,Keyboard,Accessories,2026-04-01,2.0,832.53,Cash,1665.06,2026-04
114,Nisha,delhi,Keyboard,Accessories,2026-06-10,4.0,967.78,UPI,3871.12,2026-06
101,Alice,chennai,Laptop,Electronics,2026-01-05,3.0,65276.76,Card,195830.28,2026-01
111,Meena,chennai,Laptop,Electronics,2026-05-06,1.0,54881.45,Card,54881.45,2026-05
110,Kiran,delhi,Mouse,Accessories,2026-04-11,2.0,568.06,Card,1136.12,2026-04
111,Meena,chennai,Laptop,Electronics,2026-05-06,2.0,68006.29,Card,136012.58,2026-05
107,Priya,delhi,Monitor,Electronics,2026-03-18,3.0,16111.86,Card,48335.58,2026-03
113,Arun,mumbai,Mouse,Accessories,2026-06-03,1002.0,441.13,Cash,442012.26,2026-06
114,Nisha,delhi,Keyboard,Accessories,2026-06-10,5.0,773.43,UPI,3867.1499999999996,2026-06
109,Anita,mumbai,Laptop,Electronics,2026-04-09,2.0,53110.31,UPI,106220.62,2026-04
102,Bob,delhi,Mouse,Accessories,2026-01-08,4.0,462.96,UPI,1851.84,2026-01
113,Arun,mumbai,Mouse,Accessories,2026-06-03,1002.0,477.84,Cash,478795.68,2026-06
104,David,mumbai,Keyboard,Accessories,2026-02-14,1.0,869.82,Cash,869.82,2026-02
110,Kiran,delhi,Mouse,Accessories,2026-04-11,2.0,461.8,Card,923.6,2026-04
108,Rahul,bengaluru,Keyboard,Accessories,2026-04-01,3.0,865.43,Cash,2596.29,2026-04
101,Alice,chennai,Laptop,Electronics,2026-01-05,1.0,51173.39,Card,51173.39,2026-01
104,David,mumbai,Keyboard,Accessories,2026-02-14,1.0,852.03,Cash,852.03,2026-02
110,Kiran,delhi,Mouse,Accessories,2026-04-11,2.0,494.81,Card,989.62,2026-04
110,Kiran,delhi,Mouse,Accessories,2026-04-11,2.0,559.81,Card,1119.62,2026-04
108,Rahul,bengaluru,Keyboard,Accessories,2026-04-01,1.0,869.11,Cash,869.11,2026-04
108,Rahul,bengaluru,Keyboard,Accessories,2026-04-01,2.0,907.36,Cash,1814.72,2026-04
107,Priya,delhi,Monitor,Electronics,2026-03-18,3.0,14001.22,Card,42003.659999999996,2026-03
108,Rahul,bengaluru,Keyboard,Accessories,2026-04-01,1.0,919.97,Cash,919.97,2026-04
102,Bob,delhi,Mouse,Accessories,2026-01-08,3.0,527.32,UPI,1581.96,2026-01
114,Nisha,delhi,Keyboard,Accessories,2026-06-10,3.0,735.16,UPI,2205.48,2026-06
109,Anita,mumbai,Laptop,Electronics,2026-04-09,2.0,50978.22,UPI,101956.44,2026-04
107,Priya,delhi,Monitor,Electronics,2026-03-18,2.0,13286.67,Card,26573.34,2026-03
108,Rahul,bengaluru,Keyboard,Accessories,2026-04-01,2.0,927.39,Cash,1854.78,2026-04
101,Alice,chennai,Laptop,Electronics,2026-01-05,2.0,55255.59,Card,110511.18,2026-01
104,David,mumbai,Keyboard,Accessories,2026-02-14,1.0,684.28,Cash,684.28,2026-02
114,Nisha,delhi,Keyboard,Accessories,2026-06-10,2.0,954.97,UPI,1909.94,2026-06
102,Bob,delhi,Mouse,Accessories,2026-01-08,1.0,551.25,UPI,551.25,2026-01
111,Meena,chennai,Laptop,Electronics,2026-05-06,1.0,68243.68,Card,68243.68,2026-05
103,John,chennai,Laptop,Electronics,2026-02-11,1.0,58975.45,Card,58975.45,2026-02
101,Alice,chennai,Laptop,Electronics,2026-01-05,1.0,59458.08,Card,59458.08,2026-01
107,Priya,delhi,Monitor,Electronics,2026-03-18,1.0,14551.55,Card,14551.55,2026-03
106,Tom,chennai,Mouse,Accessories,2026-03-05,6.0,469.77,Card,2818.62,2026-03
103,John,chennai,Laptop,Electronics,2026-02-11,2.0,68485.31,Card,136970.62,2026-02
109,Anita,mumbai,Laptop,Electronics,2026-04-09,1.0,66747.36,UPI,66747.36,2026-04
102,Bob,delhi,Mouse,Accessories,2026-01-08,1.0,458.6,UPI,458.6,2026-01
113,Arun,mumbai,Mouse,Accessories,2026-06-03,999.0,440.77,Cash,440329.23,2026-06
111,Meena,chennai,Laptop,Electronics,2026-05-06,2.0,55992.04,Card,111984.08,2026-05
109,Anita,mumbai,Laptop,Electronics,2026-04-09,1.0,62966.71,UPI,62966.71,2026-04
102,Bob,delhi,Mouse,Accessories,2026-01-08,4.0,573.43,UPI,2293.72,2026-01
106,Tom,chennai,Mouse,Accessories,2026-03-05,3.0,463.95,Card,1391.85,2026-03
114,Nisha,delhi,Keyboard,Accessories,2026-06-10,2.0,734.74,UPI,1469.48,2026-06
104,David,mumbai,Keyboard,Accessories,2026-02-14,1.0,743.29,Cash,743.29,2026-02
114,Nisha,delhi,Keyboard,Accessories,2026-06-10,6.0,924.37,UPI,5546.22,2026-06
107,Priya,delhi,Monitor,Electronics,2026-03-18,1.0,15893.99,Card,15893.99,2026-03
110,Kiran,delhi,Mouse,Accessories,2026-04-11,2.0,472.9,Card,945.8,2026-04
111,Meena,chennai,Laptop,Electronics,2026-05-06,3.0,68096.71,Card,204290.13,2026-05
106,Tom,chennai,Mouse,Accessories,2026-03-05,6.0,525.24,Card,3151.44,2026-03
103,John,chennai,Laptop,Electronics,2026-02-11,3.0,57173.74,Card,171521.22,2026-02
110,Kiran,delhi,Mouse,Accessories,2026-04-11,2.0,524.19,Card,1048.38,2026-04
108,Rahul,bengaluru,Keyboard,Accessories,2026-04-01,3.0,973.61,Cash,2920.83,2026-04
114,Nisha,delhi,Keyboard,Accessories,2026-06-10,3.0,745.91,UPI,2237.73,2026-06
106,Tom,chennai,Mouse,Accessories,2026-03-05,3.0,477.95,Card,1433.85,2026-03
102,Bob,delhi,Mouse,Accessories,2026-01-08,1.0,529.24,UPI,529.24,2026-01
101,Alice,chennai,Laptop,Electronics,2026-01-05,1.0,59426.71,Card,59426.71,2026-01
102,Bob,delhi,Mouse,Accessories,2026-01-08,1.0,498.15,UPI,498.15,2026-01
106,Tom,chennai,Mouse,Accessories,2026-03-05,4.0,547.1,Card,2188.4,2026-03
106,Tom,chennai,Mouse,Accessories,2026-03-05,7.0,502.09,Card,3514.6299999999997,2026-03
103,John,chennai,Laptop,Electronics,2026-02-11,1.0,56769.4,Card,56769.4,2026-02
113,Arun,mumbai,Mouse,Accessories,2026-06-03,1001.0,571.26,Cash,571831.26,2026-06
109,Anita,mumbai,Laptop,Electronics,2026-04-09,1.0,51364.92,UPI,51364.92,2026-04
111,Meena,chennai,Laptop,Electronics,2026-05-06,1.0,54545.4,Card,54545.4,2026-05
102,Bob,delhi,Mouse,Accessories,2026-01-08,1.0,461.08,UPI,461.08,2026-01
108,Rahul,bengaluru,Keyboard,Accessories,2026-04-01,2.0,837.02,Cash,1674.04,2026-04
109,Anita,mumbai,Laptop,Electronics,2026-04-09,3.0,58161.74,UPI,174485.22,2026-04
106,Tom,chennai,Mouse,Accessories,2026-03-05,3.0,564.04,Card,1692.12,2026-03
113,Arun,mumbai,Mouse,Accessories,2026-06-03,1000.0,489.72,Cash,489720.0,2026-06
104,David,mumbai,Keyboard,Accessories,2026-02-14,1.0,800.53,Cash,800.53,2026-02
108,Rahul,bengaluru,Keyboard,Accessories,2026-04-01,3.0,779.35,Cash,2338.05,2026-04
103,John,chennai,Laptop,Electronics,2026-02-11,2.0,66315.23,Card,132630.46,2026-02
108,Rahul,bengaluru,Keyboard,Accessories,2026-04-01,2.0,844.38,Cash,1688.76,2026-04
111,Meena,chennai,Laptop,Electronics,2026-05-06,1.0,62721.1,Card,62721.1,2026-05
111,Meena,chennai,Laptop,Electronics,2026-05-06,3.0,60883.18,Card,182649.54,2026-05
110,Kiran,delhi,Mouse,Accessories,2026-04-11,2.0,462.34,Card,924.68,2026-04
106,Tom,chennai,Mouse,Accessories,2026-03-05,4.0,442.28,Card,1769.12,2026-03
104,David,mumbai,Keyboard,Accessories,2026-02-14,1.0,743.88,Cash,743.88,2026-02
113,Arun,mumbai,Mouse,Accessories,2026-06-03,1002.0,440.15,Cash,441030.3,2026-06
111,Meena,chennai,Laptop,Electronics,2026-05-06,3.0,64651.07,Card,193953.21,2026-05
114,Nisha,delhi,Keyboard,Accessories,2026-06-10,5.0,822.69,UPI,4113.450000000001,2026-06
102,Bob,delhi,Mouse,Accessories,2026-01-08,2.0,499.28,UPI,998.56,2026-01
103,John,chennai,Laptop,Electronics,2026-02-11,3.0,58056.4,Card,174169.2,2026-02
108,Rahul,bengaluru,Keyboard,Accessories,2026-04-01,5.0,893.72,Cash,4468.6,2026-04
107,Priya,delhi,Monitor,Electronics,2026-03-18,2.0,13388.25,Card,26776.5,2026-03
104,David,mumbai,Keyboard,Accessories,2026-02-14,1.0,913.85,Cash,913.85,2026-02
103,John,chennai,Laptop,Electronics,2026-02-11,1.0,65333.17,Card,65333.17,2026-02
106,Tom,chennai,Mouse,Accessories,2026-03-05,7.0,425.15,Card,2976.0499999999997,2026-03
109,Anita,mumbai,Laptop,Electronics,2026-04-09,2.0,52086.13,UPI,104172.26,2026-04
109,Anita,mumbai,Laptop,Electronics,2026-04-09,3.0,62186.82,UPI,186560.46,2026-04
104,David,mumbai,Keyboard,Accessories,2026-02-14,1.0,806.06,Cash,806.06,2026-02
114,Nisha,delhi,Keyboard,Accessories,2026-06-10,3.0,920.19,UPI,2760.57,2026-06
113,Arun,mumbai,Mouse,Accessories,2026-06-03,1000.0,545.58,Cash,545580.0,2026-06
110,Kiran,delhi,Mouse,Accessories,2026-04-11,2.0,492.89,Card,985.78,2026-04
110,Kiran,delhi,Mouse,Accessories,2026-04-11,2.0,477.62,Card,955.24,2026-04
102,Bob,delhi,Mouse,Accessories,2026-01-08,2.0,524.51,UPI,1049.02,2026-01
108,Rahul,bengaluru,Keyboard,Accessories,2026-04-01,3.0,888.86,Cash,2666.58,2026-04
108,Rahul,bengaluru,Keyboard,Accessories,2026-04-01,3.0,956.74,Cash,2870.2200000000003,2026-04
108,Rahul,bengaluru,Keyboard,Accessories,2026-04-01,5.0,895.78,Cash,4478.9,2026-04
109,Anita,mumbai,Laptop,Electronics,2026-04-09,3.0,63039.42,UPI,189118.26,2026-04
113,Arun,mumbai,Mouse,Accessories,2026-06-03,999.0,571.8,Cash,571228.2,2026-06
109,Anita,mumbai,Laptop,Electronics,2026-04-09,1.0,56472.34,UPI,56472.34,2026-04
109,Anita,mumbai,Laptop,Electronics,2026-04-09,1.0,60373.24,UPI,60373.24,2026-04
103,John,chennai,Laptop,Electronics,2026-02-11,2.0,59385.21,Card,118770.42,2026-02
110,Kiran,delhi,Mouse,Accessories,2026-04-11,2.0,438.39,Card,876.78,2026-04
103,John,chennai,Laptop,Electronics,2026-02-11,1.0,70657.43,Card,70657.43,2026-02
111,Meena,chennai,Laptop,Electronics,2026-05-06,3.0,68305.75,Card,204917.25,2026-05
108,Rahul,bengaluru,Keyboard,Accessories,2026-04-01,5.0,812.24,Cash,4061.2,2026-04
106,Tom,chennai,Mouse,Accessories,2026-03-05,7.0,487.59,Card,3413.1299999999997,2026-03
103,John,chennai,Laptop,Electronics,2026-02-11,1.0,56244.65,Card,56244.65,2026-02
109,Anita,mumbai,Laptop,Electronics,2026-04-09,3.0,62572.49,UPI,187717.47,2026-04
101,Alice,chennai,Laptop,Electronics,2026-01-05,1.0,58802.27,Card,58802.27,2026-01
102,Bob,delhi,Mouse,Accessories,2026-01-08,4.0,570.22,UPI,2280.88,2026-01
106,Tom,chennai,Mouse,Accessories,2026-03-05,5.0,441.53,Card,2207.6499999999996,2026-03
109,Anita,mumbai,Laptop,Electronics,2026-04-09,2.0,66562.02,UPI,133124.04,2026-04
110,Kiran,delhi,Mouse,Accessories,2026-04-11,2.0,494.95,Card,989.9,2026-04
111,Meena,chennai,Laptop,Electronics,2026-05-06,3.0,69540.09,Card,208620.27,2026-05
109,Anita,mumbai,Laptop,Electronics,2026-04-09,3.0,61908.47,UPI,185725.41,2026-04
111,Meena,chennai,Laptop,Electronics,2026-05-06,2.0,57125.16,Card,114250.32,2026-05
108,Rahul,bengaluru,Keyboard,Accessories,2026-04-01,1.0,887.54,Cash,887.54,2026-04
110,Kiran,delhi,Mouse,Accessories,2026-04-11,2.0,467.45,Card,934.9,2026-04
113,Arun,mumbai,Mouse,Accessories,2026-06-03,998.0,432.98,Cash,432114.04000000004,2026-06
106,Tom,chennai,Mouse,Accessories,2026-03-05,3.0,489.55,Card,1468.65,2026-03
113,Arun,mumbai,Mouse,Accessories,2026-06-03,998.0,432.49,Cash,431625.02,2026-06
101,Alice,chennai,Laptop,Electronics,2026-01-05,1.0,66817.0,Card,66817.0,2026-01
104,David,mumbai,Keyboard,Accessories,2026-02-14,1.0,714.23,Cash,714.23,2026-02
110,Kiran,delhi,Mouse,Accessories,2026-04-11,2.0,454.51,Card,909.02,2026-04
111,Meena,chennai,Laptop,Electronics,2026-05-06,1.0,57171.68,Card,57171.68,2026-05
103,John,chennai,Laptop,Electronics,2026-02-11,2.0,70052.59,Card,140105.18,2026-02
102,Bob,delhi,Mouse,Accessories,2026-01-08,3.0,488.38,UPI,1465.1399999999999,2026-01
106,Tom,chennai,Mouse,Accessories,2026-03-05,5.0,563.03,Card,2815.1499999999996,2026-03
109,Anita,mumbai,Laptop,Electronics,2026-04-09,1.0,64387.53,UPI,64387.53,2026-04
111,Meena,chennai,Laptop,Electronics,2026-05-06,1.0,56425.37,Card,56425.37,2026-05
109,Anita,mumbai,Laptop,Electronics,2026-04-09,3.0,53681.56,UPI,161044.68,2026-04
113,Arun,mumbai,Mouse,Accessories,2026-06-03,1001.0,506.87,Cash,507376.87,2026-06
110,Kiran,delhi,Mouse,Accessories,2026-04-11,2.0,542.36,Card,1084.72,2026-04
103,John,chennai,Laptop,Electronics,2026-02-11,1.0,55278.14,Card,55278.14,2026-02
113,Arun,mumbai,Mouse,Accessories,2026-06-03,1000.0,500.57,Cash,500570.0,2026-06
110,Kiran,delhi,Mouse,Accessories,2026-04-11,2.0,531.89,Card,1063.78,2026-04
109,Anita,mumbai,Laptop,Electronics,2026-04-09,1.0,57719.74,UPI,57719.74,2026-04
104,David,mumbai,Keyboard,Accessories,2026-02-14,1.0,790.71,Cash,790.71,2026-02
108,Rahul,bengaluru,Keyboard,Accessories,2026-04-01,1.0,1023.52,Cash,1023.52,2026-04
107,Priya,delhi,Monitor,Electronics,2026-03-18,1.0,16289.84,Card,16289.84,2026-03
104,David,mumbai,Keyboard,Accessories,2026-02-14,1.0,895.98,Cash,895.98,2026-02
111,Meena,chennai,Laptop,Electronics,2026-05-06,1.0,65672.63,Card,65672.63,2026-05
102,Bob,delhi,Mouse,Accessories,2026-01-08,1.0,485.44,UPI,485.44,2026-01
106,Tom,chennai,Mouse,Accessories,2026-03-05,6.0,546.12,Card,3276.7200000000003,2026-03
110,Kiran,delhi,Mouse,Accessories,2026-04-11,2.0,494.03,Card,988.06,2026-04
114,Nisha,delhi,Keyboard,Accessories,2026-06-10,2.0,736.45,UPI,1472.9,2026-06
110,Kiran,delhi,Mouse,Accessories,2026-04-11,2.0,441.06,Card,882.12,2026-04
108,Rahul,bengaluru,Keyboard,Accessories,2026-04-01,1.0,986.92,Cash,986.92,2026-04
114,Nisha,delhi,Keyboard,Accessories,2026-06-10,6.0,911.04,UPI,5466.24,2026-06
114,Nisha,delhi,Keyboard,Accessories,2026-06-10,5.0,757.28,UPI,3786.3999999999996,2026-06
113,Arun,mumbai,Mouse,Accessories,2026-06-03,999.0,470.13,Cash,469659.87,2026-06
102,Bob,delhi,Mouse,Accessories,2026-01-08,1.0,442.21,UPI,442.21,2026-01
111,Meena,chennai,Laptop,Electronics,2026-05-06,1.0,62899.37,Card,62899.37,2026-05
109,Anita,mumbai,Laptop,Electronics,2026-04-09,3.0,51864.49,UPI,155593.47,2026-04
113,Arun,mumbai,Mouse,Accessories,2026-06-03,998.0,496.06,Cash,495067.88,2026-06
107,Priya,delhi,Monitor,Electronics,2026-03-18,2.0,14508.21,Card,29016.42,2026-03
104,David,mumbai,Keyboard,Accessories,2026-02-14,1.0,777.09,Cash,777.09,2026-02
114,Nisha,delhi,Keyboard,Accessories,2026-06-10,3.0,937.14,UPI,2811.42,2026-06
113,Arun,mumbai,Mouse,Accessories,2026-06-03,1000.0,548.25,Cash,548250.0,2026-06
114,Nisha,delhi,Keyboard,Accessories,2026-06-10,5.0,941.63,UPI,4708.15,2026-06
109,Anita,mumbai,Laptop,Electronics,2026-04-09,3.0,53696.21,UPI,161088.63,2026-04
111,Meena,chennai,Laptop,Electronics,2026-05-06,1.0,57146.92,Card,57146.92,2026-05
108,Rahul,bengaluru,Keyboard,Accessories,2026-04-01,5.0,898.1,Cash,4490.5,2026-04
111,Meena,chennai,Laptop,Electronics,2026-05-06,1.0,59008.76,Card,59008.76,2026-05
114,Nisha,delhi,Keyboard,Accessories,2026-06-10,2.0,840.81,UPI,1681.62,2026-06
110,Kiran,delhi,Mouse,Accessories,2026-04-11,2.0,447.22,Card,894.44,2026-04
106,Tom,chennai,Mouse,Accessories,2026-03-05,6.0,443.02,Card,2658.12,2026-03
110,Kiran,delhi,Mouse,Accessories,2026-04-11,2.0,521.77,Card,1043.54,2026-04
107,Priya,delhi,Monitor,Electronics,2026-03-18,3.0,14750.16,Card,44250.479999999996,2026-03
102,Bob,delhi,Mouse,Accessories,2026-01-08,1.0,495.19,UPI,495.19,2026-01
103,John,chennai,Laptop,Electronics,2026-02-11,2.0,57850.42,Card,115700.84,2026-02
106,Tom,chennai,Mouse,Accessories,2026-03-05,5.0,500.1,Card,2500.5,2026-03
108,Rahul,bengaluru,Keyboard,Accessories,2026-04-01,2.0,859.19,Cash,1718.38,2026-04
111,Meena,chennai,Laptop,Electronics,2026-05-06,1.0,63853.32,Card,63853.32,2026-05
104,David,mumbai,Keyboard,Accessories,2026-02-14,1.0,761.43,Cash,761.43,2026-02
104,David,mumbai,Keyboard,Accessories,2026-02-14,1.0,746.8,Cash,746.8,2026-02
101,Alice,chennai,Laptop,Electronics,2026-01-05,1.0,67622.58,Card,67622.58,2026-01
107,Priya,delhi,Monitor,Electronics,2026-03-18,2.0,14444.35,Card,28888.7,2026-03
104,David,mumbai,Keyboard,Accessories,2026-02-14,1.0,838.15,Cash,838.15,2026-02
114,Nisha,delhi,Keyboard,Accessories,2026-06-10,4.0,755.5,UPI,3022.0,2026-06
110,Kiran,delhi,Mouse,Accessories,2026-04-11,2.0,513.33,Card,1026.66,2026-04
111,Meena,chennai,Laptop,Electronics,2026-05-06,1.0,62546.23,Card,62546.23,2026-05
102,Bob,delhi,Mouse,Accessories,2026-01-08,1.0,431.74,UPI,431.74,2026-01
104,David,mumbai,Keyboard,Accessories,2026-02-14,1.0,735.61,Cash,735.61,2026-02
103,John,chennai,Laptop,Electronics,2026-02-11,1.0,61989.47,Card,61989.47,2026-02
111,Meena,chennai,Laptop,Electronics,2026-05-06,2.0,57772.97,Card,115545.94,2026-05
113,Arun,mumbai,Mouse,Accessories,2026-06-03,999.0,440.81,Cash,440369.19,2026-06
113,Arun,mumbai,Mouse,Accessories,2026-06-03,1001.0,538.37,Cash,538908.37,2026-06
111,Meena,chennai,Laptop,Electronics,2026-05-06,1.0,52983.26,Card,52983.26,2026-05
102,Bob,delhi,Mouse,Accessories,2026-01-08,1.0,430.61,UPI,430.61,2026-01
110,Kiran,delhi,Mouse,Accessories,2026-04-11,2.0,435.93,Card,871.86,2026-04
102,Bob,delhi,Mouse,Accessories,2026-01-08,4.0,519.69,UPI,2078.76,2026-01
109,Anita,mumbai,Laptop,Electronics,2026-04-09,1.0,55834.52,UPI,55834.52,2026-04
106,Tom,chennai,Mouse,Accessories,2026-03-05,6.0,481.64,Card,2889.84,2026-03
111,Meena,chennai,Laptop,Electronics,2026-05-06,3.0,62033.37,Card,186100.11000000002,2026-05
109,Anita,mumbai,Laptop,Electronics,2026-04-09,1.0,58842.52,UPI,58842.52,2026-04
113,Arun,mumbai,Mouse,Accessories,2026-06-03,1000.0,458.82,Cash,458820.0,2026-06
111,Meena,chennai,Laptop,Electronics,2026-05-06,1.0,59793.35,Card,59793.35,2026-05
107,Priya,delhi,Monitor,Electronics,2026-03-18,1.0,13137.08,Card,13137.08,2026-03
107,Priya,delhi,Monitor,Electronics,2026-03-18,1.0,13665.93,Card,13665.93,2026-03
110,Kiran,delhi,Mouse,Accessories,2026-04-11,2.0,558.99,Card,1117.98,2026-04
103,John,chennai,Laptop,Electronics,2026-02-11,2.0,63270.29,Card,126540.58,2026-02
102,Bob,delhi,Mouse,Accessories,2026-01-08,2.0,452.8,UPI,905.6,2026-01
101,Alice,chennai,Laptop,Electronics,2026-01-05,1.0,57416.73,Card,57416.73,2026-01
111,Meena,chennai,Laptop,Electronics,2026-05-06,1.0,66519.2,Card,66519.2,2026-05
111,Meena,chennai,Laptop,Electronics,2026-05-06,2.0,63296.11,Card,126592.22,2026-05
103,John,chennai,Laptop,Electronics,2026-02-11,3.0,54153.47,Card,162460.41,2026-02
109,Anita,mumbai,Laptop,Electronics,2026-04-09,1.0,51936.16,UPI,51936.16,2026-04
113,Arun,mumbai,Mouse,Accessories,2026-06-03,999.0,432.72,Cash,432287.28,2026-06
101,Alice,chennai,Laptop,Electronics,2026-01-05,1.0,51405.76,Card,51405.76,2026-01
114,Nisha,delhi,Keyboard,Accessories,2026-06-10,4.0,822.06,UPI,3288.24,2026-06
114,Nisha,delhi,Keyboard,Accessories,2026-06-10,2.0,944.97,UPI,1889.94,2026-06
113,Arun,mumbai,Mouse,Accessories,2026-06-03,1000.0,436.22,Cash,436220.0,2026-06
111,Meena,chennai,Laptop,Electronics,2026-05-06,3.0,57563.98,Card,172691.94,2026-05
102,Bob,delhi,Mouse,Accessories,2026-01-08,1.0,506.89,UPI,506.89,2026-01
101,Alice,chennai,Laptop,Electronics,2026-01-05,3.0,59477.62,Card,178432.86000000002,2026-01
114,Nisha,delhi,Keyboard,Accessories,2026-06-10,2.0,730.73,UPI,1461.46,2026-06
101,Alice,chennai,Laptop,Electronics,2026-01-05,1.0,54609.2,Card,54609.2,2026-01
114,Nisha,delhi,Keyboard,Accessories,2026-06-10,3.0,774.58,UPI,2323.7400000000002,2026-06
114,Nisha,delhi,Keyboard,Accessories,2026-06-10,4.0,958.16,UPI,3832.64,2026-06
113,Arun,mumbai,Mouse,Accessories,2026-06-03,998.0,460.34,Cash,459419.31999999995,2026-06
107,Priya,delhi,Monitor,Electronics,2026-03-18,3.0,16819.46,Card,50458.38,2026-03
101,Alice,chennai,Laptop,Electronics,2026-01-05,1.0,57225.22,Card,57225.22,2026-01
114,Nisha,delhi,Keyboard,Accessories,2026-06-10,5.0,875.03,UPI,4375.15,2026-06
108,Rahul,bengaluru,Keyboard,Accessories,2026-04-01,2.0,838.04,Cash,1676.08,2026-04
106,Tom,chennai,Mouse,Accessories,2026-03-05,3.0,430.34,Card,1291.02,2026-03
111,Meena,chennai,Laptop,Electronics,2026-05-06,1.0,63751.17,Card,63751.17,2026-05
101,Alice,chennai,Laptop,Electronics,2026-01-05,2.0,56461.53,Card,112923.06,2026-01
110,Kiran,delhi,Mouse,Accessories,2026-04-11,2.0,428.22,Card,856.44,2026-04
111,Meena,chennai,Laptop,Electronics,2026-05-06,1.0,66007.12,Card,66007.12,2026-05
101,Alice,chennai,Laptop,Electronics,2026-01-05,3.0,61946.5,Card,185839.5,2026-01
108,Rahul,bengaluru,Keyboard,Accessories,2026-04-01,1.0,914.17,Cash,914.17,2026-04
101,Alice,chennai,Laptop,Electronics,2026-01-05,2.0,64782.27,Card,129564.54,2026-01
106,Tom,chennai,Mouse,Accessories,2026-03-05,7.0,445.67,Card,3119.69,2026-03
110,Kiran,delhi,Mouse,Accessories,2026-04-11,2.0,442.7,Card,885.4,2026-04
107,Priya,delhi,Monitor,Electronics,2026-03-18,1.0,14333.05,Card,14333.05,2026-03
101,Alice,chennai,Laptop,Electronics,2026-01-05,1.0,52655.83,Card,52655.83,2026-01
104,David,mumbai,Keyboard,Accessories,2026-02-14,1.0,816.33,Cash,816.33,2026-02
111,Meena,chennai,Laptop,Electronics,2026-05-06,1.0,54168.9,Card,54168.9,2026-05
104,David,mumbai,Keyboard,Accessories,2026-02-14,1.0,690.49,Cash,690.49,2026-02
101,Alice,chennai,Laptop,Electronics,2026-01-05,3.0,62793.76,Card,188381.28,2026-01
104,David,mumbai,Keyboard,Accessories,2026-02-14,1.0,711.13,Cash,711.13,2026-02
108,Rahul,bengaluru,Keyboard,Accessories,2026-04-01,4.0,942.55,Cash,3770.2,2026-04
113,Arun,mumbai,Mouse,Accessories,2026-06-03,998.0,436.46,Cash,435587.07999999996,2026-06
114,Nisha,delhi,Keyboard,Accessories,2026-06-10,3.0,848.71,UPI,2546.13,2026-06
102,Bob,delhi,Mouse,Accessories,2026-01-08,2.0,559.65,UPI,1119.3,2026-01
103,John,chennai,Laptop,Electronics,2026-02-11,2.0,65964.29,Card,131928.58,2026-02
104,David,mumbai,Keyboard,Accessories,2026-02-14,1.0,806.44,Cash,806.44,2026-02
109,Anita,mumbai,Laptop,Electronics,2026-04-09,1.0,62500.56,UPI,62500.56,2026-04
114,Nisha,delhi,Keyboard,Accessories,2026-06-10,2.0,736.27,UPI,1472.54,2026-06
106,Tom,chennai,Mouse,Accessories,2026-03-05,7.0,497.93,Card,3485.51,2026-03
103,John,chennai,Laptop,Electronics,2026-02-11,1.0,69664.12,Card,69664.12,2026-02
107,Priya,delhi,Monitor,Electronics,2026-03-18,1.0,14122.23,Card,14122.23,2026-03
111,Meena,chennai,Laptop,Electronics,2026-05-06,1.0,52506.38,Card,52506.38,2026-05
106,Tom,chennai,Mouse,Accessories,2026-03-05,6.0,522.49,Card,3134.94,2026-03
106,Tom,chennai,Mouse,Accessories,2026-03-05,3.0,428.19,Card,1284.57,2026-03
102,Bob,delhi,Mouse,Accessories,2026-01-08,2.0,466.7,UPI,933.4,2026-01
103,John,chennai,Laptop,Electronics,2026-02-11,1.0,68085.53,Card,68085.53,2026-02
107,Priya,delhi,Monitor,Electronics,2026-03-18,1.0,14005.92,Card,14005.92,2026-03
113,Arun,mumbai,Mouse,Accessories,2026-06-03,1001.0,499.3,Cash,499799.3,2026-06
111,Meena,chennai,Laptop,Electronics,2026-05-06,2.0,59975.56,Card,119951.12,2026-05
114,Nisha,delhi,Keyboard,Accessories,2026-06-10,3.0,819.23,UPI,2457.69,2026-06
107,Priya,delhi,Monitor,Electronics,2026-03-18,2.0,15146.21,Card,30292.42,2026-03
108,Rahul,bengaluru,Keyboard,Accessories,2026-04-01,3.0,773.45,Cash,2320.3500000000004,2026-04
111,Meena,chennai,Laptop,Electronics,2026-05-06,1.0,68503.99,Card,68503.99,2026-05
110,Kiran,delhi,Mouse,Accessories,2026-04-11,2.0,558.98,Card,1117.96,2026-04
107,Priya,delhi,Monitor,Electronics,2026-03-18,3.0,13724.45,Card,41173.350000000006,2026-03
111,Meena,chennai,Laptop,Electronics,2026-05-06,1.0,65131.89,Card,65131.89,2026-05
102,Bob,delhi,Mouse,Accessories,2026-01-08,3.0,554.86,UPI,1664.58,2026-01
103,John,chennai,Laptop,Electronics,2026-02-11,2.0,60583.33,Card,121166.66,2026-02
104,David,mumbai,Keyboard,Accessories,2026-02-14,1.0,864.56,Cash,864.56,2026-02
114,Nisha,delhi,Keyboard,Accessories,2026-06-10,3.0,967.38,UPI,2902.14,2026-06
102,Bob,delhi,Mouse,Accessories,2026-01-08,1.0,444.78,UPI,444.78,2026-01
109,Anita,mumbai,Laptop,Electronics,2026-04-09,1.0,67828.87,UPI,67828.87,2026-04
113,Arun,mumbai,Mouse,Accessories,2026-06-03,1000.0,475.63,Cash,475630.0,2026-06
108,Rahul,bengaluru,Keyboard,Accessories,2026-04-01,1.0,931.2,Cash,931.2,2026-04
106,Tom,chennai,Mouse,Accessories,2026-03-05,5.0,523.88,Card,2619.4,2026-03
108,Rahul,bengaluru,Keyboard,Accessories,2026-04-01,5.0,768.33,Cash,3841.65,2026-04
108,Rahul,bengaluru,Keyboard,Accessories,2026-04-01,5.0,943.41,Cash,4717.05,2026-04
109,Anita,mumbai,Laptop,Electronics,2026-04-09,1.0,58005.41,UPI,58005.41,2026-04
110,Kiran,delhi,Mouse,Accessories,2026-04-11,2.0,490.99,Card,981.98,2026-04
102,Bob,delhi,Mouse,Accessories,2026-01-08,4.0,457.68,UPI,1830.72,2026-01
107,Priya,delhi,Monitor,Electronics,2026-03-18,3.0,16974.75,Card,50924.25,2026-03
108,Rahul,bengaluru,Keyboard,Accessories,2026-04-01,5.0,913.89,Cash,4569.45,2026-04
111,Meena,chennai,Laptop,Electronics,2026-05-06,1.0,67753.71,Card,67753.71,2026-05
106,Tom,chennai,Mouse,Accessories,2026-03-05,4.0,519.55,Card,2078.2,2026-03
108,Rahul,bengaluru,Keyboard,Accessories,2026-04-01,5.0,942.11,Cash,4710.55,2026-04
104,David,mumbai,Keyboard,Accessories,2026-02-14,1.0,886.54,Cash,886.54,2026-02
109,Anita,mumbai,Laptop,Electronics,2026-04-09,1.0,50892.61,UPI,50892.61,2026-04
106,Tom,chennai,Mouse,Accessories,2026-03-05,5.0,571.29,Card,2856.45,2026-03
110,Kiran,delhi,Mouse,Accessories,2026-04-11,2.0,526.76,Card,1053.52,2026-04
111,Meena,chennai,Laptop,Electronics,2026-05-06,3.0,64995.24,Card,194985.72,2026-05
110,Kiran,delhi,Mouse,Accessories,2026-04-11,2.0,460.2,Card,920.4,2026-04
102,Bob,delhi,Mouse,Accessories,2026-01-08,1.0,501.04,UPI,501.04,2026-01
111,Meena,chennai,Laptop,Electronics,2026-05-06,3.0,53267.34,Card,159802.02,2026-05
104,David,mumbai,Keyboard,Accessories,2026-02-14,1.0,816.89,Cash,816.89,2026-02
113,Arun,mumbai,Mouse,Accessories,2026-06-03,1001.0,435.71,Cash,436145.70999999996,2026-06
113,Arun,mumbai,Mouse,Accessories,2026-06-03,1000.0,446.46,Cash,446460.0,2026-06
107,Priya,delhi,Monitor,Electronics,2026-03-18,2.0,16788.27,Card,33576.54,2026-03
102,Bob,delhi,Mouse,Accessories,2026-01-08,1.0,468.63,UPI,468.63,2026-01
104,David,mumbai,Keyboard,Accessories,2026-02-14,1.0,686.13,Cash,686.13,2026-02
108,Rahul,bengaluru,Keyboard,Accessories,2026-04-01,2.0,983.17,Cash,1966.34,2026-04
114,Nisha,delhi,Keyboard,Accessories,2026-06-10,6.0,922.28,UPI,5533.68,2026-06
108,Rahul,bengaluru,Keyboard,Accessories,2026-04-01,3.0,1018.78,Cash,3056.34,2026-04
108,Rahul,bengaluru,Keyboard,Accessories,2026-04-01,5.0,773.8,Cash,3869.0,2026-04
108,Rahul,bengaluru,Keyboard,Accessories,2026-04-01,2.0,867.89,Cash,1735.78,2026-04
111,Meena,chennai,Laptop,Electronics,2026-05-06,1.0,69329.78,Card,69329.78,2026-05
107,Priya,delhi,Monitor,Electronics,2026-03-18,3.0,15015.73,Card,45047.19,2026-03
101,Alice,chennai,Laptop,Electronics,2026-01-05,3.0,64211.12,Card,192633.36000000002,2026-01
111,Meena,chennai,Laptop,Electronics,2026-05-06,1.0,67360.99,Card,67360.99,2026-05
114,Nisha,delhi,Keyboard,Accessories,2026-06-10,2.0,877.31,UPI,1754.62,2026-06
111,Meena,chennai,Laptop,Electronics,2026-05-06,1.0,55418.93,Card,55418.93,2026-05
103,John,chennai,Laptop,Electronics,2026-02-11,1.0,69645.89,Card,69645.89,2026-02
106,Tom,chennai,Mouse,Accessories,2026-03-05,4.0,544.85,Card,2179.4,2026-03
106,Tom,chennai,Mouse,Accessories,2026-03-05,4.0,493.37,Card,1973.48,2026-03
111,Meena,chennai,Laptop,Electronics,2026-05-06,1.0,64533.24,Card,64533.24,2026-05
103,John,chennai,Laptop,Electronics,2026-02-11,2.0,59430.99,Card,118861.98,2026-02
114,Nisha,delhi,Keyboard,Accessories,2026-06-10,6.0,851.44,UPI,5108.64,2026-06
110,Kiran,delhi,Mouse,Accessories,2026-04-11,2.0,523.0,Card,1046.0,2026-04
113,Arun,mumbai,Mouse,Accessories,2026-06-03,999.0,492.35,Cash,491857.65,2026-06
113,Arun,mumbai,Mouse,Accessories,2026-06-03,1002.0,461.74,Cash,462663.48,2026-06
111,Meena,chennai,Laptop,Electronics,2026-05-06,3.0,64036.02,Card,192108.06,2026-05
111,Meena,chennai,Laptop,Electronics,2026-05-06,1.0,66414.16,Card,66414.16,2026-05
114,Nisha,delhi,Keyboard,Accessories,2026-06-10,4.0,752.58,UPI,3010.32,2026-06
